"Sent Index","Mention Index/Total","Sentence","Mention","Mention Head","Head POS","Label->Gov"
"1","0/1","In January 2012 , <a>XXXX</a> debuted his own cooking show , Not My Mama 's Meals , on the Cooking Channel , in which he tweaks his mother 's recipes to recreate them in a healthier manner .","he","he","PRP","nsubj -> debuted"
"2","0/1","In 1935 , <a>XXXX</a> moved to Maximilien Luce 's old studio on the Avenue du Maine in Paris .","he","he","PRP","nsubj -> moved"
"3","0/1","In 2008 , <a>XXXX</a> advanced to the national championship game , their first under his leadership .","Calipari 's Tigers","Tigers","NNP","nsubj -> advanced"
"4","0/1","In 2004 Martin Gallon , the British fine art expert , commented `` His close attention to detail is reminiscent of the work of the Pre-Raphaelites whose principal aim was to paint from nature as closely as possible ; in Ramsay 's work , one can see <a>XXXX</a> , yet its simplistic beauty and close observation challenges our senses .","resonances of this aim","resonances","NNS","dobj -> see"
"5","0/1","In 2005 , <a>XXXX</a> was listed as one of the top designers and architects by Western Interiors and Design magazine and was included in the top 100 list of American Interior Designers by House Beautiful magazine .","Brown","Brown","NNP","nsubjpass -> listed"
"6","0/1","In September 1874 , <a>XXXX</a> was elected unopposed to the Legislative Council 's Geraldton seat , on a policy platform of opposition to responsible government .","Brown","Brown","NNP","nsubjpass -> elected"
"7","0/1","By 1926 <a>XXXX</a> handled press relations for their Banff Springs Hotel .","he","he","PRP","nsubj -> handled"
"8","0/1","He married in 1925 at the age of 19 , and had a son , Lev , <a>XXXX</a> .","the following year","year","NN","appos -> son"
"9","0/1","In 2008 , Mayall was awarded <a>XXXX</a> from the University of Exeter .","an honorary Doctor of Letters -LRB- DLitt -RRB-","Doctor","NN","dobj -> awarded"
"10","0/1","Mignolet made <a>XXXX</a> in a 2 -- 2 draw against Birmingham City on 15 August 2010 , and was named man of the match for his performance .","his Sunderland debut","debut","NN","dobj -> made"
"11","0/1","<a>XXXX</a> died in Chicago , Illinois , December 17 , 1940 .","McGavin","McGavin","NNP","nsubj -> died"
"12","0/1","During his business trips to New York to finance his internal improvements program , <a>XXXX</a> became acquainted with Julia Phelps and the two married on November 1 , 1838 .","Mason","Mason","NNP","nsubj -> became"
"13","0/1","<a>XXXX</a> starred in the 2010 remake of A Nightmare on Elm Street , released on April 30 , 2010 .","He","He","PRP","nsubj -> starred"
"14","0/1","<a>XXXX</a> was commonly criticized for aggressive play-calling in 2011 , and the calls for a pass-happy offense led to Cutler getting repeatedly sacked , including an incident in Week 2 against the New Orleans Saints , in which Cutler was sacked 6 times , and was also kicked in the throat .","Offensive coordinator Mike Martz","Martz","NNP","nsubjpass -> criticized"
"15","0/1","<a>XXXX</a> graduated in 1946 ; Drexel later honored him with many alumni awards .","He","He","PRP","nsubj -> graduated"
"16","0/1","In October 2005 , Watterson answered <a>XXXX</a> .","15 questions submitted by readers","questions","NNS","dobj -> answered"
"17","0/1","In 1924 , <a>XXXX</a> participated in an international convention in Hastings and St Leonards-on-Sea organized by Princess Karadja , founder of the White Cross Union .","she","she","PRP","nsubj -> participated"
"18","0/1","<a>XXXX</a> was loaned out to Crusaders midway through the 96-97 season , and scored his only goal for the club in the 1996 -- 97 Irish League Cup Final against Glentoran , in a game which finished 1-0 .","Padraig","Padraig","NNP","nsubjpass -> loaned"
"19","0/1","Mandoza also won in five of the ten categories at the 2001 Metro Music Awards : Best Kwaito Artist , Best Male Vocalist , Best Album , Best Styled Artist and <a>XXXX</a> Of The Year .","Song","Song","NN","appos -> Artist"
"20","0/1","<a>XXXX</a> took an active part in planning and preliminary negotiations for the Round Table Talks in 1989 , in which he also participated .","He","He","PRP","nsubj -> took"
"21","0/1","<a>XXXX</a> was sent with a fourth round draft pick in 2010 in exchange for defenceman Mike Van Ryn .","He","He","PRP","nsubjpass -> sent"
"23","0/1","6 days later , she received her 13th consecutive award of Penyanyi Wanita Paling Popular 2009 <a>XXXX</a> and the overall category award , Bintang Paling Popular 2009 -LRB- Most Popular Artist of 2009 -RRB- from Anugerah Bintang Popular Bintang Harian 2009 with votes from over 225 300 votes from the readers of Berita Harian .","-LRB- Most Popular Female Singer 2009 -RRB-","Singer","NNP","appos -> Popular"
"24","0/1","On October 16 , 1977 , he scored <a>XXXX</a> in a 2-1 victory over China .","his lone national team goal","goal","NN","dobj -> scored"
"25","0/1","In 1981 , <a>XXXX</a> was nominated for a Juno Award in the category of Most Promising Female Vocalist of the Year , but lost to Carole Pope .","Heatherington","Heatherington","NNP","nsubjpass -> nominated"
"26","0/1","By the end of the 1903 season he ranked among the NL 's top ten career leaders in hits and at bat s , though <a>XXXX</a> would drop from among the leaders before his playing career ended .","he","he","PRP","nsubj -> drop"
"27","0/1","On 13 February 2008 <a>XXXX</a> was announced that he would go on loan to Swiss side FC Sion until 31 December 2008 .","it","it","PRP","nsubjpass -> announced"
"28","0/1","Spring concentrated on his constituency work and was returned in every election he stood until <a>XXXX</a> retired in 1981 , his son Dick then successfully contesting the seat .","he","he","PRP","nsubj -> retired"
"29","0/1","<a>XXXX</a> is an Italian politician and statesman .","Romano Prodi -LRB- ; born 9 August 1939 -RRB-","Prodi","NNP","nsubj -> politician"
"30","0/1","In July 2006 , Vidkid Timo and Philip Eric celebrated <a>XXXX</a> by flying to Toronto and getting married -LRB- since same-sex marriages are legal there -RRB- .","their fifth anniversary","anniversary","NN","dobj -> celebrated"
"32","0/1","He graduated in June 1964 , <a>XXXX</a> , with a Bachelor of Music Degree , majoring in music theory , and with a minor in oboe .","Cum Laude","Laude","NNP","appos -> June"
"33","0/1","In 1938 , <a>XXXX</a> also released .","she","she","PRP","nsubj -> released"
"34","0/1","He did not receive very much ice time in Boston and consequently the Bruins ended up trading <a>XXXX</a> to the Winnipeg Jets for Morris Lukowich on February 4 , 1985 .","him","him","PRP","dobj -> trading"
"36","0/1","<a>XXXX</a> -LRB- born March 5 , 1986 -RRB- is an American television and film actor and screenwriter .","Jason Fuchs","Fuchs","NNP","nsubj -> television"
"37","0/1","<a>XXXX</a> died in 1989 at the age of 18 from asphyxiation .","His son Eli , also from his first marriage ,","son","NN","nsubj -> died"
"39","0/1","In 2003 , <a>XXXX</a> received from USA Today a Rudy Award as the Best New Face in Sports Television .","she","she","PRP","nsubj -> received"
"40","0/1","In 1974 , the inaugural year of The Players Championship , <a>XXXX</a> finished in 9th place .","Pearce","Pearce","NNP","nsubj -> finished"
"41","0/1","In 1872 , at a convention of the New England Labor Reform League in Boston , Heywood introduced <a>XXXX</a> to eventual Liberty publisher Benjamin Tucker .","Greene and Warren","Greene","NNP","dobj -> introduced"
"42","0/1","Bianca Chiminello appeared in January 2009 issue of Sunday Life 's Magazine '' Fresh Crop '' , <a>XXXX</a> are shaping up to be Hollywood 's Next Big Things ... She recently wrapped the lead in an Australian film , Living Between Fu $ ks as '' The Beautiful Financial Backer '' , based on a novel of the same title .","five young Australian actors who","actors","NNS","nsubj -> shaping"
"43","0/1","Both of them stopped seeing each other in 1997 , and his wife later found out that <a>XXXX</a> had deserted the military and was working for Los Zetas .","he","he","PRP","nsubj -> deserted"
"44","0/1","He wore uniform number 24 in the NL , but when MLB merged the AL and NL umpiring staffs in 2000 , Layne was forced to switch to number 26 , as AL umpire Al Clark , who wore 24 in the junior circuit , had <a>XXXX</a> .","more seniority","seniority","NN","dobj -> had"
"45","0/1","Beginning in 1894 , <a>XXXX</a> replaced much of the 19th-century music his student Louis Fleury called '' idle twittering '' with works by Johann Sebastian Bach and other composers of the 18th century .","he","he","PRP","nsubj -> replaced"
"46","0/1","In 1888 , he was admitted to Christ 's College , Cambridge , having obtained <a>XXXX</a> .","a scholarship","scholarship","NN","dobj -> obtained"
"47","0/1","Most had two sons , Michael and <a>XXXX</a> ; Michael died in 2000 .","Steven","Steven","NNP","appos -> sons"
"48","0/1","<a>XXXX</a> enlisted in the Arkansas National Guard in 1929 and was an aircraft mechanic in the 154th Observation Squadron .","He","He","PRP","nsubj -> enlisted"
"49","0/1","<a>XXXX</a> became the first executive director for the Denver Police Foundation on February 1 , 2007 , an organization created to enhance public safety and law enforcement in the Denver community .","Norton","Norton","NNP","nsubj -> became"
"50","0/1","After receiving his masters degree in Physics in 1943 , <a>XXXX</a> moved to the Indian Institute of Science , Bangalore for further studies in theoretical physics and worked with Homi J. Bhabha .","he","he","PRP","nsubj -> worked"
"51","0/1","Her first two artists , <a>XXXX</a> , became internationally known and , by 1982 she had earned a cover story on '' New York '' magazine tagged '' The New Queen of the Art Scene . ''","Julian Schnabel and David Salle","Schnabel","NNP","appos -> artists"
"52","0/1","However , an interview in a Hungarian newspaper in January 1914 nearly cost him <a>XXXX</a> .","his job with Hungarian calls for his resignation","job","NN","dobj -> cost"
"55","0/1","In October 1938 he rejoined <a>XXXX</a> as an ethnographer and consultant .","the museum","museum","NN","dobj -> rejoined"
"56","0/1","<a>XXXX</a> signed as an end and center coach for the AAFC 's Buffalo Bills in April of 1947 .","Conkright","Conkright","NN","nsubj -> signed"
"57","0/1","In December 2011 , his third album , <a>XXXX</a> , received four nominations at the UK Asian music awards and PTC Punjabi music awards , including Best Punjabi Album and Best Music Director .","Da Rap Star","Star","NN","appos -> album"
"58","0/1","As a result , <a>XXXX</a> left behind more than 1,000 unrealized sculptures when he died in 1996 .","the artist","artist","NN","nsubj -> left"
"59","0/1","In 1949 McConachie obtained landing rights at the Tokyo and Hong Kong airports that opened <a>XXXX</a> to CPA 's highly successful transpacific service to Australia , Asia and the South Pacific .","the door","door","NN","dobj -> opened"
"60","0/1","On 19 September 2010 , on his blog , Helmer stated of the Roman Catholic Church that : '' <a>XXXX</a> would be perfectly fair to describe it as systemically paedophile . ''","it","it","PRP","nsubj -> describe"
"62","0/1","In 1882 Bastert had <a>XXXX</a> .","a private studio in The Hague","studio","NN","dobj -> had"
"64","0/1","He made <a>XXXX</a> on April 26 , 2011 , in the Revs ' 3 -- 2 victory over D. C. United in the Lamar Hunt US Open Cup .","his full professional debut","debut","NN","dobj -> made"
"65","0/1","But <a>XXXX</a> failed to score in the remainder of the 2000 -- 01 season , or in the first five Premier League games of the next -- a run that eventually totalled 17 games .","he","he","PRP","nsubj -> score"
"66","0/1","Torsten Amft -LRB- born 14 January 1971 in Leipzig , <a>XXXX</a> -RRB- is a German fashion designer and artist .","Germany","Germany","NNP","appos -> Leipzig"
"67","0/1","In 1988 , <a>XXXX</a> was appointed Assistant Secretary to the Minister of Interior .","he","he","PRP","nsubjpass -> appointed"
"68","0/1","In 1950 Bellamy became a member of The Lambs , <a>XXXX</a> .","an actors club located in New York","club","NN","appos -> Lambs"
"69","0/1","<a>XXXX</a> died at Portsmouth in April 1941 , aged 47 .","He","He","PRP","nsubj -> died"
"70","0/1","However , on 3 December 2011 Thompson announced <a>XXXX</a> , following a recurrence of a serious neck injury sustained in Wasps ' training in late-October .","his immediate retirement from the game","retirement","NN","dobj -> announced"
"71","0/1","He was appointed a Lieutenant-Colonel of the King 's Regiment in 1947 , <a>XXXX</a> .","Territorial Army","Army","NNP","appos -> 1947"
"73","0/1","<a>XXXX</a> was drafted by the Seattle Mariners in the 34th round -LRB- 1023rd overall -RRB- in the 2004 Major League Baseball Draft , but chose to attend Seminole State College .","He","He","PRP","nsubjpass -> chose"
"74","0/1","He scored <a>XXXX</a> on 1 November 2008 .","Chelsea 's 1,000 th Premier League goal against Sunderland","goal","NN","dobj -> scored"
"75","0/1","<a>XXXX</a> retired from Central Oregon Community College in 1993 .","He","He","PRP","nsubj -> retired"
"76","0/1","After having spent most of her career in Pennsylvania and Ohio , with research years in Afghanistan , Pakistan and Tajikistan , <a>XXXX</a> retired to the Pacific Northwest in June 2012 .","she","she","PRP","nsubj -> retired"
"78","0/1","<a>XXXX</a> played two years of college soccer at Chandler-Gilbert Community College in Arizona , where he was twice selected to the All-ACCAC 1st Team , twice selected to the All-West Region I 1st Team and was a 2004 All-American Honorable Mention Selection .","He","He","PRP","nsubj -> played"
"79","0/1","In 2006 , he was the most visible lobbyist for three foreign-owned horse-slaughter plants in the U. S. that are fighting legislation that would force <a>XXXX</a> to close .","them","them","PRP","nsubj -> close"
"80","0/1","In 2010 , Van der Wiel was awarded <a>XXXX</a> for '' Young Player of the Year '' in the Netherlands .","the Johan Cruyff Award","Award","NN","dobj -> awarded"
"81","0/1","<a>XXXX</a> then read for the bar , but turned to astronomy and authorship instead , and in 1865 published an article on the Colors of Double Stars in the Cornhill Magazine .","He","He","PRP","nsubj -> read"
"83","0/1","Hall took over the direction of the company in 1959 - it was renamed the Royal Shakespeare Company <a>XXXX</a> , and he invited Johnson to be part of the first group of actors to be named an Associate Artist of the RSC , a position he retains to this day .","-LRB- RSC -RRB-","RSC","NNP","appos -> Company"
"84","0/1","He won <a>XXXX</a> , and became part of the Burton Alpine Team .","the European Championship 1995 in Finland","Championship","NNP","dobj -> won"
"85","0/1","In 2012 , his friend and Irish musician Rob Smith -LRB- who is also a well-known cul -RRB- wrote and recorded a song in tribute of him called '' Salta Salta <a>XXXX</a> '' , which itself features a small part of FC Barcelona 's anthem El Cant Del Bara during the outro .","-LRB- The Jimmy Jump Song -RRB-","Song","NN","appos -> Salta"
"86","0/1","Del Ruth directed another half dozen projects before the musical The Desert Song -LRB- 1929 -RRB- , <a>XXXX</a> .","the first color film ever released by Warner Bros.","film","NN","appos -> Song"
"87","0/1","In 1957 <a>XXXX</a> was Guyana 's '' Sportsman of the Year '' with George De Peana .","he","he","PRP","nsubj -> Guyana"
"88","0/1","Murcer was 5th in the league in 1980 with <a>XXXX</a> flies .","9 sacrifice","sacrifice","NN","nsubj -> flies"
"89","0/1","The moral of his own stories , Erlbruch suggested in 2003 , is that people should regard <a>XXXX</a> from a distance and accept even what is not so beautiful about themselves , what is special .","themselves","themselves","PRP","dobj -> regard"
"90","0/1","She wrote <a>XXXX</a> .","The Art of Dining , in 1979","Art","NN","dobj -> wrote"
"91","0/1","<a>XXXX</a> also features briefly in the Hylda Baker sitcom Not On Your Nellie -LRB- 1974 -RRB- , in an episode entitled `` The Apartment '' in which Baker 's character has to stay in the Chelsea flat of a famous model -LRB- Longhurst -RRB- .","She","She","PRP","nsubj -> features"
"92","0/1","After the initial flurry of goals <a>XXXX</a> deteriorated and coach Susan Ronan eventually left her out of a squad in 2012 .","O'Sullivan 's form","form","NN","nsubj -> deteriorated"
"93","0/1","<a>XXXX</a> won the Ernst & Young Entrepreneur of the Year Award in 2008 .","Avrich","Avrich","NNP","nsubj -> won"
"94","0/1","<a>XXXX</a> held that position until 1867 .","He","He","PRP","nsubj -> held"
"95","0/1","In 1982 <a>XXXX</a> served as Deputy Rector of United Nations University in Tokyo , Japan .","he","he","PRP","nsubj -> served"
"96","0/1","After she graduated in 1986 , <a>XXXX</a> considered attending graduate school and perhaps working in languages for the U. S. State Department .","she","she","PRP","nsubj -> considered"
"97","0/1","In July 1945 , <a>XXXX</a> became Provost Marshal General and transitioned an agency whose lifespan rarely exceeded beyond the end of combat hostilities into a post-war organization with charge over Army military investigations , the military police and the Army 's military police school .","Bryan","Bryan","NNP","nsubj -> became"
"98","0/1","On April 2 , 2008 , <a>XXXX</a> was elected to the Canadian Football Hall of Fame in his first year of eligibility .","Flutie","Flutie","NNP","nsubjpass -> elected"
"99","0/1","In October 2009 , <a>XXXX</a> voted to name Murphy and the rest of the Five Canada 's first '' honorary senators . ''","the Senate","Senate","NNP","nsubj -> name"
"100","0/1","<a>XXXX</a> was hired by Televisin Nacional de Chile -LRB- TVN -RRB- in 1992 to co-host Buenos Das a Todos with Tati Penna , a breakfast programme first transmitted that year ; however , the couple were later replaced by Margot Kahl and Jorge Hevia .","Camiroaga","Camiroaga","NNP","nsubjpass -> hired"
"101","0/1","<a>XXXX</a> is the younger paternal half-brother of the former leader of North Korea , Kim Jong-il , and the son of former leader Kim Il-sung .","Kim Pyong-il -LRB- born 10 August 1954 -RRB-","Pyong-il","NNP","nsubj -> half-brother"
"103","0/1","During summer and autumn 2012 , <a>XXXX</a> featured at numerous food festivals around the UK and Ireland including Cardiff , Dublin , Manchester , Liverpool , Abergavenny , Ludlow , Bolton , Edinburgh , Newcastle , Cockermouth , Newport and York .","he","he","PRP","nsubj -> featured"
"104","0/1","On July 25 , 2012 , the Boston Red Sox released <a>XXXX</a> .","Duckworth","Duckworth","NNP","dobj -> released"
"105","0/1","<a>XXXX</a> was very active in the 1968 student strike .","He","He","PRP","nsubj -> active"
"106","0/1","At the age of 16 , Garrel wrote and directed <a>XXXX</a> in 1964 .","his first film , Les Enfants Dsaccords ,","film","NN","dobj -> directed"
"107","0/1","In November 1927 , <a>XXXX</a> was posted with the regiment to Egypt , with his battalion being stationed at Mustapha Barracks on the outskirts of the city of Alexandria .","Poett","Poett","NNP","nsubjpass -> posted"
"108","0/1","During her senior year in 2012 , she led <a>XXXX</a> with 21 goals , breaking the previous school record of 13 .","the Buckeyes","Buckeyes","NNPS","dobj -> led"
"109","0/1","He was the running mate of Dwight D. Eisenhower , <a>XXXX</a> .","the Republican Party presidential nominee in the 1952 election","nominee","NN","appos -> Eisenhower"
"110","0/1","In his three years as a member of the Dsseldorf ensemble -LRB- 1981 -- 84 -RRB- , <a>XXXX</a> honed his stage experience with a number of smaller roles , but also had bigger assignments , both in Dsseldorf and elsewhere .","he","he","PRP","nsubj -> had"
"111","0/1","In April 2011 , <a>XXXX</a> broke away from his focus on Christian media with his book Jolt !","Cooke","Cooke","NNP","nsubj -> broke"
"112","0/1","In July 2006 , <a>XXXX</a> broke into the top 100 of the Official World Golf Rankings for the first time and he reached a new best of 29th after his Players Championship of Europe win .","Romero","Romero","NNP","nsubj -> broke"
"113","0/1","In 1982 he published <a>XXXX</a> .","a memoir Inside the Treasury -LRB- Andre Deutsch -RRB-","memoir","NN","dobj -> published"
"114","0/1","On his return to international development in 1993 , <a>XXXX</a> served as Under Secretary for Asia , and then as Finance Director .","Sir John","John","NNP","nsubj -> served"
"115","0/1","In 1894 , <a>XXXX</a> became a motorman and driver for a local street car company .","he","he","PRP","nsubj -> became"
"116","0/1","<a>XXXX</a> was a 1991 Second Team All American .","He","He","PRP","nsubj -> Team"
"117","0/1","<a>XXXX</a> was reelected again in 1997 with 66 % of the vote .","He","He","PRP","nsubjpass -> reelected"
"118","0/1","In 1967 , his successes continued after the collapse of Red Bird when his production of Janis Ian 's , '' At Seventeen '' '' <a>XXXX</a> , became a hit record .","Society 's Child ''","Child","NNP","appos -> production"
"119","0/1","Although Pollard came back for the 2000 season , even going on loan with the Tennessee Rhythm in the USL A-League for one game and the Texas Rattlers for three games , <a>XXXX</a> never regained the form he had prior to the injury .","he","he","PRP","nsubj -> regained"
"121","0/1","On August 10 , 2012 , <a>XXXX</a> was announced that McComb joined Wasteland 2 team as writer , reuniting with his Planescape cohorts once again .","it","it","PRP","nsubjpass -> announced"
"122","0/1","He scored <a>XXXX</a> on 30 August 2008 .","four times against Macclesfield Town","times","NNS","dobj -> scored"
"123","0/1","<a>XXXX</a> represented her country at senior level at the 2006 European Athletics Championships and finished eighth overall .","She","She","PRP","nsubj -> represented"
"124","0/1","<a>XXXX</a> enlisted in the U. S. Marine Corps at the age of 17 , on March 16 , 1981 , and underwent recruit training at Delta Company , 2nd Recruit Training Battalion Parris Island .","He","He","PRP","nsubj -> enlisted"
"125","0/1","`` I have long considered Otto Rank to be the great unacknowledged genius in Freud 's circle , '' said May -LRB- Rank , 1996 , <a>XXXX</a> -RRB- .","p. xi","xi","NN","appos -> Rank"
"126","0/1","Patterson lost his life aboard the Squalus on May 23 , 1939 when <a>XXXX</a> failed to close off of the Isles of Shoals .","the main induction valve","valve","NN","nsubj -> close"
"127","0/1","<a>XXXX</a> was elected for induction into the National Soccer Hall of Fame in 2009 .","He","He","PRP","nsubjpass -> elected"
"128","0/1","After a shoulder injury in 2010 prevented <a>XXXX</a> from playing , he spent some time coaching his former club Les Quennevais R. F. C. = = Employment = = Landick started working at Jersey Airport whilst playing rugby for Jersey .","him","him","PRP","dobj -> prevented"
"129","0/1","<a>XXXX</a> died in Sofia on February 10 , 1922 .","He","He","PRP","nsubj -> died"
"130","0/1","In 2005 , he sponsored legislation that allowed New York City to eliminate <a>XXXX</a> -LRB- Chapter 285 of 2005 -RRB- .","its share of the sales tax on clothing and footwear","share","NN","dobj -> eliminate"
"131","0/1","<a>XXXX</a> was indicted in Seattle in 1972 for numerous bank robberies throughout the country to finance radical leftist underground Weatherman activities , receiving a ten year federal prison term for conspiracy and becoming the first Weatherman member imprisoned in the United States .","He","He","PRP","nsubj -> finance"
"132","0/1","In 1937 , <a>XXXX</a> started a mimeographed newsletter for Japanese expatriates in Paris .","Takata","Takata","NNP","nsubj -> started"
"133","0/1","jpg | Throw out the Baby Along with the Bath , 1994 <br> Oil on canvas <br> Israel Museum , <a>XXXX</a> : Michal Na'aman , Nosebleeds , 1994 , .","Jerusalem File","File","NNP","appos -> Bath"
"134","0/1","In 1950 , <a>XXXX</a> became the object of an ideological battle , his artistic work denounced by Adam Wayk at the Reunion of Polish Writers as petit-bourgeois .","he","he","PRP","nsubj -> became"
"135","0/1","Upon promotion to major , <a>XXXX</a> was transferred to the Eastern Front in the summer of 1916 .","Leeb","Leeb","NNP","nsubjpass -> transferred"
"136","0/1","After his senior season , he moved on to Purdue University where <a>XXXX</a> redshirted in 2009 .","he","he","PRP","nsubj -> redshirted"
"137","0/1","On December 20 , 1981 -LRB- see Martial Law in Poland -RRB- , <a>XXXX</a> was beaten up by the Communist police .","Brylewski","Brylewski","NNP","nsubjpass -> beaten"
"138","0/1","<a>XXXX</a> remained with Harc-Pro in 2012 but changed classes and entered the J-GP2 class aboard a Honda HP6 , Nakagami won 5 of the 6 races during the season and the championship despite not competing in the Okayama round due to injuries sustained when he was substituting at the Motegi Moto2 World Championship round for the Italtrans Racing Team .","He","He","PRP","nsubj -> changed"
"139","0/1","However , <a>XXXX</a> did score in a 4-2 loss to Mexico in the last qualification game on August 28 , 1975 .","Pires","Pires","NNP","nsubj -> score"
"141","0/1","# Hill , <a>XXXX</a> .","R. T. 1908","T.","NNP","appos -> Hill"
"142","0/1","However , in the 1952 General Election , <a>XXXX</a> ran for a seat lower house of the Diet of Japan , but was not elected .","he","he","PRP","nsubj -> ran"
"143","0/1","<a>XXXX</a> continued to be too emotionally unstable to work and in 1957 , her contract with the Rank Organisation was canceled .","Bates","Bates","NNP","nsubj -> work"
"144","0/1","The young talent was called by Egyptian national team 's manager , <a>XXXX</a> , for his first international appearance in 2007 .","Hassan Shehata","Shehata","NNP","appos -> manager"
"146","0/1","<a>XXXX</a> was elected at the 2007 general election .","He","He","PRP","nsubjpass -> elected"
"148","0/1","Late in 1897 he hand-pulled <a>XXXX</a> for a first portfolio of his own work , Picturesque Bits of New York and Other Studies .","the photogravures","photogravures","NNS","dobj -> hand-pulled"
"149","0/1","In 1922 <a>XXXX</a> made what J T Grein in The Illustrated London News called '' a personal triumph '' in Alfred Sutro 's comedy The Laughing Lady .","she","she","PRP","nsubj -> made"
"150","0/1","Parks became an avid enthusiast of air travel , using <a>XXXX</a> to inspect much of the territory in May and June 1929 .","it","it","PRP","dobj -> using"
"151","0/1","On 22 October 2009 , <a>XXXX</a> extended his stay at Northampton until the new year .","he","he","PRP","nsubj -> extended"
"152","0/1","In 2012 , <a>XXXX</a> was named the MLL Offensive Player of the Year for the third time , tying the league record for most season-ending awards by a player .","Rabil","Rabil","NNP","nsubjpass -> named"
"153","0/1","Then , in 1993 , <a>XXXX</a> moved to Dublin and studied for a Masters ' degree in journalism , after which he worked as a teacher and press secretary .","he","he","PRP","nsubj -> studied"
"154","0/1","On April 13 , 2011 , he recorded his 1500th RBI against the Florida Marlins , with a solo home run off <a>XXXX</a> .","Randy Choate","Choate","NNP","dobj -> run"
"155","0/1","As such , following the death of Friedrich Ebert in February , 1925 he temporarily acted as head of state of the Weimar Republic from 12 March 1925 until 12 May 1925 when the next president , <a>XXXX</a> , assumed office .","Paul von Hindenburg","Hindenburg","NNP","appos -> president"
"156","0/1","On 2 May 2005 , Police Commissioner Andrew Hughes announced that <a>XXXX</a> had volunteered to make a statement about his own role in Mara 's resignation .","Bainimarama","Bainimarama","NNP","nsubj -> volunteered"
"157","0/1","He would not score again until 15 March 1918 , when <a>XXXX</a> drove an Albatros D. V down out of control north of Bourlon Wood .","he","he","PRP","nsubj -> drove"
"158","0/1","In 1868 , following the Battle of Ueno , Yoshitoshi made the series Kaidai hyaku sens in which he portrays <a>XXXX</a> as historical figures in a semi-western style , using close-up and unusual angles , often shown in the heat of battle with desperate expressions .","contemporary soldiers","soldiers","NNS","dobj -> portrays"
"160","0/1","She released the buzz singles '' Self Made '' and '' Fakin ' It '' in 2009 in hopes of garnering <a>XXXX</a> from the public eye .","attention","attention","NN","dobj -> garnering"
"161","0/1","In 1997 , Montenegro 's string of critical and audience triumphs came to an abrupt halt as her portrayal of the lead role in the telenovela '' Zaz '' , <a>XXXX</a> , could n't live up to either reviewers ' or the viewing public 's expectations .","a much anticipated return to comedy","return","NN","dobj -> came"
"163","0/1","<a>XXXX</a> was the top league scorer in 1990 -- 91 , with 41 goals in 50 games .","Lubina","Lubina","NNP","nsubj -> scorer"
"165","0/1","Hauser got off to a good start in 1934 , but <a>XXXX</a> ended his season , and his career wound down after that .","a fractured kneecap","kneecap","NN","nsubj -> ended"
"166","0/1","In 1938 , he married <a>XXXX</a> .","Dorothy Dean St. Clair","Clair","NNP","dobj -> married"
"167","0/1","He graduated from the municipal high school in 1866 , and at the end of that year passed the entrance exam to enroll in the University of Bologna to study <a>XXXX</a> .","jurisprudence","jurisprudence","NN","dobj -> study"
"168","0/1","He made <a>XXXX</a> , and re-signed for the club on loan for the rest of the season on 31 January 2013 .","16 appearances for Ipswich","appearances","NNS","dobj -> made"
"169","0/1","The 2007 -- 08 season saw <a>XXXX</a> score his 50th and 51st goals in all competitions for Rangers in a League Cup match against East Fife on 26 September 2007 , 627 days after his debut .","Boyd","Boyd","NNP","nsubj -> score"
"170","0/1","During the 2005 season , he managed <a>XXXX</a> on his way to the GS series title with co-driver Scott Maxwell driving for Multimatic Motorsports .","2 victories and 8 top-ten finishes","victories","NNS","dobj -> managed"
"171","0/1","He scored 13 goals in the 1995 Norwegian Premier League ; only five players had <a>XXXX</a> .","more goals","goals","NNS","dobj -> had"
"172","0/1","When in 2004 it appeared that the constitutional amendment would not receive the requisite 2/3 support to pass the Senate , <a>XXXX</a> and Feinstein authored the Crime Victims ' Rights Act , which listed a victims ' bill of rights and provided mandamus relief in appellate court for any victim denied those rights .","Kyl","Kyl","NNP","nsubj -> authored"
"173","0/1","In 1860 , <a>XXXX</a> won the school wide jump competition and was second in the 100 yards .","he","he","PRP","nsubj -> second"
"175","0/1","After two adjournments for illness <a>XXXX</a> finally appeared for examination on 9 December 1930 .","Rees","Rees","NNP","nsubj -> appeared"
"176","0/1","In 1982 -- 83 , having retired from the national team after the unsuccessful home World Cup campaign , <a>XXXX</a> joined Barcelona , being relatively used in two of his three seasons .","Alonso","Alonso","NNP","nsubj -> joined"
"177","0/1","Along with Margaret Aitken , Ellen Fairclough and Ann Shipley , she was one of four women elected to the House of Commons in 1953 , only the second election in Canadian history in which <a>XXXX</a> was elected to Parliament .","more than one woman","woman","NN","nsubjpass -> elected"
"178","0/1","<a>XXXX</a> is an Australian singer , best known for winning the fifth season of Australia 's Got Talent .","Jack Vidgen -LRB- born 17 January 1997 -RRB-","Vidgen","NNP","nsubj -> singer"
"179","0/1","In 2009 , Showers co-chaired <a>XXXX</a> with her daughter , Elizabeth Showers , a gala benefitting AmfAR and the Dallas Museum of Art .","Two X Two","X","NN","dobj -> co-chaired"
"180","0/1","In 2012-13 season , <a>XXXX</a> was then chosen to be the Falkirk penalty taker scoring penalties in the 2 -- 1 defeat to Livingston on 2 September 2012 , in the 1 -- 1 draw with Airdrie United on 22 September 2012 and in the 2 -- 0 victory over Cowdenbeath on 15 December 2012 .","Murdoch","Murdoch","NNP","nsubj -> taker"
"181","0/1","<a>XXXX</a> was named Toronto Humanist of the Year 2004 by The Humanist Association of Toronto .","June Callwood","Callwood","NNP","nsubjpass -> named"
"182","0/1","On October 16 , 1933 , Jones met with Reed and together <a>XXXX</a> created the Commodity Credit Corporation -LRB- CCC -RRB- .","they","they","PRP","nsubj -> created"
"183","0/1","In 1997 , <a>XXXX</a> went to Ottawa to work for the Reform Party , becoming a parliamentary aide to party leader Preston Manning and being put in charge of Question Period strategy .","he","he","PRP","nsubj -> went"
"184","0/1","In November 2006 , <a>XXXX</a> revealed to People Magazine that she was pregnant with the couple 's first child .","Trump Jr. and his wife","Jr.","NNP","nsubj -> revealed"
"185","0/1","<a>XXXX</a> was a good poultryman and considered himself a farmer for the remainder of his life , although in 1916 he moved to Manchester , New Hampshire , to resume a career as a bond salesman .","He","He","PRP","nsubj -> considered"
"186","0/1","Clarke has covered the Capital London 's Capital Breakfast whilst <a>XXXX</a> was absent in July 2009 .","Johnny Vaughan","Vaughan","NNP","nsubj -> absent"
"187","0/1","<a>XXXX</a> participated in the 2005 McDonald 's All-American game and won the team ball competition .","She","She","PRP","nsubj -> won"
"188","0/1","Stoutenburg 's poems were selected for nine volumes of the annual Borestone Mountain Poetry Awards , <a>XXXX</a> is her poem '' Cicada '' , originally published in 1957 in The New Yorker .","One common selection","selection","NN","nsubj -> poem"
"190","0/1","Lord Merthyr married Violet Meyrick , third daughter of Brigadier-General Sir Frederick Charlton Meyrick , <a>XXXX</a> , in 1932 .","2nd Baronet","Baronet","NN","appos -> Meyrick"
"191","0/1","Also in 1950 , Branch Rickey 's contract as Dodger president expired , and Walter O'Malley decided that were Rickey to retain the job , almost all of Rickey 's power would be gone ; for example , he would no longer take a percentage of every franchise sale ; <a>XXXX</a> declined a new contract as President .","Rickey","Rickey","NNP","nsubj -> declined"
"192","0/1","On 4 February 2007 , during league game against Tottenham Hotspur , <a>XXXX</a> deputised for Edwin van der Sar in goal after van der Sar was taken off the pitch for a broken nose , while Manchester United had already used all three substitutes .","O'Shea","O'Shea","NNP","nsubj -> deputised"
"193","0/1","<a>XXXX</a> started 20 games over the course of his four years and was voted a team captain by his teammates prior to his senior season in 2008 .","He","He","PRP","nsubj -> started"
"194","0/1","He attended grammar school in Ilminster and Crewkerne and in 1881 he entered <a>XXXX</a> .","the University of St Andrews","University","NNP","dobj -> entered"
"195","0/1","In 1992 , <a>XXXX</a> was president of the Association for Tropical Biology and Conservation .","he","he","PRP","nsubj -> president"
"196","0/1","Digby Bell and her mother , <a>XXXX</a> , both passed away in 1917 .","Maria Maskell","Maskell","NNP","appos -> Bell"
"197","0/1","In June 2011 , <a>XXXX</a> participated at Congressional for the 2011 U. S. Open , his maiden appearance in a U. S Open .","Day","Day","NNP","nsubj -> participated"
"198","0/1","Yu became an advocate of the '' self-support '' movement , thus in 1903 he purchased a piece of land on Haining road near North Shanghai and the following year he formed <a>XXXX</a> and severed all financial ties with the mission churches .","a self-supporting Presbyterian church congregation","congregation","NN","dobj -> formed"
"199","0/1","<a>XXXX</a> became a full-time PGA Tour member after his finish at the 1993 qualifying school .","Pride","Pride","NN","nsubj -> became"
"200","0/1","Senior year , <a>XXXX</a> was named captain and led his team to the 2006 NCAA National Final .","McClung","McClung","NNP","nsubjpass -> named"
"201","0/1","In 2012 , <a>XXXX</a> was invited by IRCAM in Paris to lead a project on the relationship between improvised dance and electronic musical composition in the context of the festival-academy ManiFeste .","he","he","PRP","nsubjpass -> invited"
"202","0/1","His youth , <a>XXXX</a> and charisma enabled him to take the lead on social justice issues , particularly those involving Mori - Pakeha relations , overseas aid and sporting contacts with South Africa -LRB- which he visited , to see for himself the consequences of Apartheid -RRB- Both he and his friend , Bishop Pyatt were outspoken critics of the 1981 Springbok Rugby Tour .","energy","energy","NN","nsubj -> enabled"
"203","0/1","In the same season , <a>XXXX</a> played in the 1992 FA Cup Final at Wembley against Liverpool .","he","he","PRP","nsubj -> played"
"204","0/1","Walton had <a>XXXX</a> extended until the end of the 2012 -- 13 season in April 2012 .","his contract","contract","NN","nsubj -> extended"
"205","0/1","Paul Mahern -LRB- born September 11 , <a>XXXX</a> , Indiana -RRB- is an American rock and pop record producer , mixing and mastering engineer , singer , songwriter , professor , and yoga teacher .","1963 Indianapolis","Indianapolis","NNP","appos -> September"
"206","0/1","Of particular importance during this period was his encounter with Charles Fourier , who in 1829 came to Gauthier as a customer seeking to publish <a>XXXX</a> .","his work Le Nouveau Monde Industriel et Socitaire","work","NN","dobj -> publish"
"208","0/1","In 1956 , he received his Bachelor of Arts degree in English from Fordham College of Fordham University in the Bronx , where he was a student staff member of its FM radio station , <a>XXXX</a> .","WFUV","WFUV","NNP","appos -> Bronx"
"209","0/1","and fought fiercely against secularization of church-run primary and secondary school s. His beatification and eventual canonization has been on the agenda of the Hungarian Catholic church ever since communism fell in 1989 , and the pontificate of Pope Benedict XVI was seen by many analysts as an excellent opportunity , as <a>XXXX</a> was equally traditional in his views on church and secular matters and has commented favourably on Mindszenty 's calling .","the Pope","Pope","NNP","nsubj -> commented"
"210","0/1","<a>XXXX</a> was initially submitted to the University of Queensland Press in 1993 and was said to be based upon recorded interviews with her own relatives , among others her uncle '' Vitaly Demidenko '' .","The novel","novel","NN","nsubjpass -> submitted"
"211","0/1","In 2003 <a>XXXX</a> was sponsored by Channel Four to attend Milan 's European Beard & Moustache Championships as part of the British team .","he","he","PRP","nsubj -> attend"
"212","0/1","<a>XXXX</a> was elected once more to serve on the City Council , beginning in 1950 , but died in office .","Jeffries","Jeffries","NNP","nsubjpass -> elected"
"213","0/1","After having <a>XXXX</a> too , he finally signed a contract with Helmond Sport in October 2010 until the end of the season .","a disappointing trial with RC Genk","trial","NN","dobj -> having"
"214","0/1","<a>XXXX</a> joined the Bombay Co. Ltd. as chief salesman , a post he held till the end of 1936 .","Goenka","Goenka","NNP","nsubj -> joined"
"215","0/1","<a>XXXX</a> retired from the hardware business in 1866 .","Ridout","Ridout","NNP","nsubj -> retired"
"216","0/1","In 1957 , after returning to Ljubljana , <a>XXXX</a> obtained his PhD .","he","he","PRP","nsubj -> obtained"
"217","0/1","After nearly ten years of test flying at Edwards AFB , he went to Southeast Asia in 1968 where he completed <a>XXXX</a> .","a total of 253 combat sorties in the F-100","total","NN","dobj -> completed"
"218","0/1","The two nations joined <a>XXXX</a> again at the beginning of the Second Congo War , but relations soured in late 1998 as Museveni and Kagame had very different priorities in fighting the war .","forces","forces","NNS","dobj -> joined"
"219","0/1","In February 2006 , he received <a>XXXX</a> , -LRB- now Birmingham City University -RRB- .","an honorary degree from the University of Central England","degree","NN","dobj -> received"
"220","0/1","<a>XXXX</a> also finished first among 1,778 candidates in Canada 's 1974 certified management accountancy examination .","He","He","PRP","nsubj -> finished"
"221","0/1","Performing with the band , <a>XXXX</a> appeared on the poster for the 1968 Berkeley Folk Music Festival .","her photograph","photograph","NN","nsubj -> appeared"
"222","0/1","Kendall Hunter was activated off the physically unable to perform <a>XXXX</a> on August 10th 2013 , nearly 81/2 months after he partially tore his left Achilles .","list","list","NN","dobj -> perform"
"223","0/1","In 1919 , he was part of the Japanese diplomatic delegation to the Paris Peace Conference , where <a>XXXX</a> proved to be useful .","this knowledge","knowledge","NN","nsubj -> proved"
"224","0/1","While stopping by Los Angeles , <a>XXXX</a> stood in line to be extras in The French Line -LRB- 1954 -RRB- , a film starring Jane Russell .","Novak and two other models","Novak","NNP","nsubj -> stood"
"226","0/1","With his single Space Shuttle mission in late 2002 , <a>XXXX</a> became the first enrolled member of a Native American tribe to fly in space .","Herrington","Herrington","NNP","nsubj -> became"
"227","0/1","In the split of 1970 , Grogan supported <a>XXXX</a> , remaining on Sinn Fin 's Ard Chomhairle .","the provisional wing","wing","NN","dobj -> supported"
"228","0/1","<a>XXXX</a> was named one of the '' Time '' 100 influential people of 2006 .","He","He","PRP","nsubjpass -> named"
"229","0/1","<a>XXXX</a> spent 1919 as captain and the following two were as captain-coach .","He","He","PRP","nsubj -> spent"
"230","0/1","Rohrabacher left the Reagan administration in 1988 to pursue <a>XXXX</a> recently vacated by Dan Lungren .","the open House seat","seat","NN","dobj -> pursue"
"231","0/1","<a>XXXX</a> claimed in his autobiography Mataf -LRB- ditions Pygmalion , 1991 -RRB- , that theirs was the first Franco-Japanese marriage after WWII -- conceivably true , but almost impossible to verify .","Lesaffre","Lesaffre","NNP","nsubj -> claimed"
"232","0/1","<a>XXXX</a> earned a law degree from the University of Iowa College of Law in 1897 , and practiced law in Britt , Iowa .","He","He","PRP","nsubj -> earned"
"233","0/1","Although respected as an MP , <a>XXXX</a> proved highly unsuited for leadership and he eventually resigned on 17 September 1902 in favour of Carruthers .","Lee 's genial and quiet manner","manner","NN","nsubj -> proved"
"234","0/1","He won his first major tournament in Hungary in 1927 by beating <a>XXXX</a> .","his friend Victor Barna","Barna","NNP","dobj -> beating"
"235","0/1","While working with defensive coaches Larry Lacewell and Rex Norris , Kelly remained on the second unit during the 1990 season , picking up 21 tackles <a>XXXX</a> and a team-leading 5 sacks .","-LRB- 14 solo -RRB-","solo","NN","appos -> tackles"
"236","0/1","One of Tell 's many performances was <a>XXXX</a> Left festival in Pomona , California on October 14 , 2006 .","the Bamboozle","Bamboozle","NNP","nsubj -> Left"
"237","0/1","He was bought by Southampton for # 250,000 in 1989 , where <a>XXXX</a> enjoyed five years of top-flight football .","he","he","PRP","nsubj -> enjoyed"
"238","0/1","Yaya Diallo , <a>XXXX</a> Just Plain Folks 2004 Music Award .","West Africa -LRB- Mali -RRB- 43","Africa","NNP","nsubj -> Plain"
"239","0/1","<a>XXXX</a> was Paul Verhoeven 's Starship Troopers in 1997 .","Her first starring role in a wide theatrical release","role","NN","nsubj -> Troopers"
"240","0/1","On October 12 , 1950 , Nunn married <a>XXXX</a> .","Beula Cornelius Aspley , a divorcee from Bond , Kentucky","Aspley","NNP","dobj -> married"
"241","0/1","He held <a>XXXX</a> at the 1931 general election in a straight fight with Moffat-Pender for the Conservatives .","his seat","seat","NN","dobj -> held"
"242","0/1","Apart from finishing <a>XXXX</a> outside of promotion in 1984 , Walker achieved little of note during his first spell as manager , and was sacked later that year after the club 's new owners decided to replace him with the higher-profile Ron Harris .","one place","place","NN","dobj -> finishing"
"244","0/1","Minton 's mother developed <a>XXXX</a> in 1899 .","breast cancer","cancer","NN","dobj -> developed"
"245","0/1","On July 30 , 2013 , Schwyzer announced on his official website he was quitting <a>XXXX</a> , writing that he needed a hiatus to prioritize his mental health and his relationship with his wife and children .","the Internet","Internet","NN","dobj -> quitting"
"246","0/1","In January 2006 <a>XXXX</a> starred in the short-lived drama series Eleventh Hour on ITV , alongside Patrick Stewart .","she","she","PRP","nsubj -> starred"
"247","0/1","On 25 June 1987 , the Sockers selected <a>XXXX</a> in the first round -LRB- seventh overall -RRB- of the Major Indoor Soccer League draft .","Wilhelms","Wilhelms","NNP","dobj -> selected"
"248","0/1","Nevin Saroya <a>XXXX</a> is a retired Thai - English semi-professional footballer .","-LRB- 15 September 1980 in Hillingdon -RRB-","September","NNP","appos -> Saroya"
"249","0/1","<a>XXXX</a> was the 1991 Reith Lecturer on BBC Radio , with a series entitled bbc .","Jones","Jones","NNP","nsubj -> Lecturer"
"250","0/1","On 1 November 2012 he was given <a>XXXX</a> .","a permanent two-and-a-half-year deal by the Accrington board","deal","NN","dobj -> given"
"251","0/1","after one season with Lido , <a>XXXX</a> went to Maesteg Park A. F. C. in 2005 and spent only one season play 32 games and scoring 2 goals .","he","he","PRP","nsubj -> spent"
"252","0/1","In 1917 , Fultz , emboldened by his efforts in the Kraft cash presented a list of demands to the National Commission to improve <a>XXXX</a> .","the playing conditions in the minor leagues","conditions","NNS","dobj -> improve"
"253","0/1","Fabrizio Paterlini -LRB- born <a>XXXX</a> , Lombardy -RRB- is an Italian contemporary music composer and pianist .","22 February 1973 in Mantua","February","NNP","dobj -> born"
"254","0/1","He gained the Senior Oxford Certificate in 1929 , but could not afford entrance to university and instead sat <a>XXXX</a> .","the civil service Entrance Exam","Exam","NN","dobj -> sat"
"255","0/1","<a>XXXX</a> was first elected to Parliament under the Social Credit banner in the district of Bellechasse in the 1962 federal election , but was defeated by Liberal candidate Herman Laverdire the next year .","He","He","PRP","nsubjpass -> elected"
"256","0/1","<a>XXXX</a> was drafted by the Houston Oilers in 1989 , but did not play .","He","He","PRP","nsubjpass -> drafted"
"257","0/1","She earned <a>XXXX</a> in speech communication from TCU in 2000 .","a bachelor 's degree","degree","NN","dobj -> earned"
"260","0/1","Since 1989 <a>XXXX</a> is a member of the International Federation for Information Processing IFIP WG 8 .","he","he","PRP","nsubj -> member"
"261","0/1","<a>XXXX</a> left | The Round House prison in the late 19th century showing the tunnel built by the prisoners = = = Whaling = = = In 1837 , Scott made substantial investment in the Fremantle Whaling Company , which established a whaling station at Bathers Beach at the entrance to Fremantle Harbour .","thumb |","thumb","NN","nsubj -> left"
"262","0/1","In the fall of 2001 Maureen was the newest addition to the Cassie Johnson Rink where she played <a>XXXX</a> .","lead","lead","NN","dobj -> played"
