"Doc/Sentence Index","Mention Index/Total","Sentence","Mention","Head","AFET Labels","Turk General Labels","Turk Fine Labels","Prediction"
"/abc/00/abc_0045.parse0","4/6","American Mideast peace envoy Dennis Ross goes to Morocco this week for <a>XXXX</a> with Palestinian President Yasser Arafat .","meetings","meetings","[]","['event:2', 'action:1']","[['occasion', 1], ['talk', 1], ['consultation', 1], ['holiday', 1], ['discussion', 1]]"
"/abc/00/abc_0055.parse20","1/4","He blocked <a>XXXX</a> of Missouri Supreme Court Judge Ronnie White to the federal bench .","the nomination","nomination","[]","['person:1', 'event:1', 'object:1']","[['bench', 1], ['speech', 1], ['movement', 1], ['progression', 1], ['succession', 1], ['law', 1], ['bill', 1], ['lawyer', 1]]"
"/bn/cnn/00/cnn_0058.parse15","4/5","It 's still way too early to talk about American retaliation for the `` Cole '' , because <a>XXXX</a> 's still not known who to retaliate against .","it","it","[]","['person:1', 'place:1', 'persons:1']","[['country', 1], ['people', 1]]"
"/bn/cnn/00/cnn_0063.parse20","4/12","Israeli Defense Force officials say he was a member of <a>XXXX</a> , a charge denied by the Palestinians .","the Tanzim militia , an arm of the Fatah party","militia","[]","['organisation:1', 'group:2', 'organization:1', 'event:1', 'people:1']","[['election', 1], ['organization', 1], ['terrorist', 1], ['group', 1], ['labour_union', 1]]"
"/bn/cnn/01/cnn_0134.parse5","6/14","I think that maybe he now has more chance than he had before , but I want to assure <a>XXXX</a> that no matter who is going to be our candidate , we will be back in power , while the Likud will be back in power .","him","him","[]","['person:2', 'event:1', 'people:1']","[['selection', 1], ['citizen', 2], ['follower', 1], ['people', 1], ['group', 1], ['listener', 1], ['countryman', 1], ['member', 1], ['voter', 1], ['friend', 1]]"
"/bn/cnn/01/cnn_0145.parse9","1/3","Rounding out the week , <a>XXXX</a> and November durable goods .","November personal income and outlays figures","figures","[]","['date:1']","[['spice', 1], ['month', 1], ['crop', 1], ['foodstuff', 1], ['fabric', 1]]"
"/bn/cnn/01/cnn_0187.parse2","3/5","It may not be a large tanker by <a>XXXX</a> , but this is a uniquely fragile and precious marine environment .","international standards","standards","[]","['place:1', 'idea:1']","[['organisation', 1], ['company', 1], ['relativity', 1], ['business', 1], ['comparison', 1]]"
"/bn/cnn/02/cnn_0239.parse5","0/6","That 's what <a>XXXX</a> really like about the jam community , its acceptance of improvizational music , despite whatever region or genre .","I","I","[]","['person:3']","[['music', 1], ['singer', 1], ['artist', 1], ['community', 1], ['musician', 1], ['customer', 1], ['group', 1], ['people', 1]]"
"/bn/cnn/02/cnn_0260.parse5","1/10","It sounds to <a>XXXX</a> like some rats at my former network , NBC , are spreading some lies about me .","me","me","[]","['person:4']","[['scientist', 1], ['reporter', 1], ['liar', 1], ['television_personality', 1], ['anchor', 1], ['analyst', 1]]"
"/bn/cnn/02/cnn_0289.parse4","4/5","If the workers do n't approve the steep cutbacks American says it will file for <a>XXXX</a> .","bankruptcy","bankruptcy","[]","['crime:1', 'event:2', 'idea:1']","[['bankruptcy', 2], ['policy', 1], ['field', 1], ['idea', 1]]"
"/bn/cnn/03/cnn_0319.parse8","1/6","Might get more information from <a>XXXX</a> when he delivers that speech over at the press club in the next hour .","Secretary Tom Ridge","Ridge","[]","['person:3', 'object:1']","[['television', 1], ['president', 2], ['chief', 1], ['leader', 1], ['head', 1], ['minister', 1], ['radio', 1]]"
"/bn/cnn/03/cnn_0332.parse3","2/5","Arthel Neville is joining us from <a>XXXX</a> in Atlanta with details .","the CNN newsroom","newsroom","[]","['place:3', 'location:2']","[['city', 1], ['place', 1], ['spot', 1], ['location', 1], ['game', 1], ['station', 1], ['town', 1]]"
"/bn/cnn/03/cnn_0360.parse2","5/6","I 'll try to explain it the best I can from what I remember from being on <a>XXXX</a> .","the `` USS Abraham Lincoln ''","Lincoln","[]","['organisation:1', 'event:2']","[['television', 1], ['radio', 1], ['television_channel', 1]]"
"/bn/cnn/04/cnn_0431.parse7","0/6","<a>XXXX</a> know her only by her initial , this mother - to - be , JDS .","We","We","[]","['person:3', 'persons:1', 'people:1']","[['world', 1], ['follower', 1], ['reader', 1], ['people', 2], ['friend', 2], ['fan', 1], ['society', 1]]"
"/bn/p2.5_a2e/00/p2.5_a2e_0024.parse2","11/13","The efforts that engineering and technical cadres and personnel in the Iraqi Drilling Company exerted have been interlinked , through the completion of seventy - five oil producing wells in the south fields , and in <a>XXXX</a> than the determined period .","two months less time","time","[]","['place:2', 'event:1', 'object:1', 'location:1']","[['country', 1], ['oil', 1], ['effort', 1], ['oil_field', 1], ['natural_resource', 1], ['completion', 1], ['location', 1], ['area', 1]]"
"/bn/p2.5_c2e/00/p2.5_c2e_0005.parse7","3/9","Taiyuan University of Technology , because <a>XXXX</a> is looking for jobs , uh , so here , there is quite a lot of , this , information here .","everybody who comes to stay here","everybody","[]","['person:2', 'people:1']","[['student', 1], ['company', 1], ['friend', 1]]"
"/bn/p2.5_c2e/00/p2.5_c2e_0010.parse8","3/7","Because , uh , they also feel that , uh , presently , uh , that sometimes single entities may result in too great of <a>XXXX</a> , so they hope that , eh , similar proposals like this can be joined together as much as possible .","a number","number","[]","['event:1', 'object:1']","[['failure', 1], ['organization', 1], ['power', 1], ['monopoly', 1], ['loss', 1]]"
"/bn/p2.5_c2e/00/p2.5_c2e_0021.parse2","7/10","But when it comes to using real butterflies as material , have you ever seen artistic expressions on <a>XXXX</a> using butterflies ' wings ?","paintings","paintings","[]","['object:4']","[['storage', 1], ['canvas', 3], ['medium', 2], ['wood', 1], ['paper', 2]]"
"/bn/p2.5_c2e/00/p2.5_c2e_0055.parse2","4/14","In the report to be submitted to Congress , <a>XXXX</a> Office said that China 's reforms since its WTO entry had provided plenty of benefits for U.S. enterprises and consumers .","the U.S. Trade Representative 's","Representative","[]","['organisation:1', 'place:1', 'organization:1', 'object:1']","[['parliament', 1], ['department', 1], ['country', 1], ['congress', 1]]"
"/cctv/00/cctv_0002.parse450","4/6","China has also significantly improved its relations with all neighboring countries with <a>XXXX</a> of Japan .","the exception","exception","[]","['event:1']","[['association', 1], ['help', 2], ['exclusion', 1], ['relation', 1], ['cooperation', 1], ['denial', 1], ['idea', 1]]"
"/cnn/00/cnn_0001.parse174","2/3","They really know how to make things out of <a>XXXX</a> /.","nothing","nothing","[]","['event:1', 'object:3']","[['plastic', 1], ['goodness', 1], ['metal', 1], ['item', 1], ['wood', 1], ['product', 1], ['paper', 2]]"
"/cnn/00/cnn_0001.parse637","0/1","<a>XXXX</a> are hesitant to venture into the largely African and Muslim neighborhoods /.","Police","Police","[]","['person:3', 'persons:1', 'people:1']","[['politician', 1], ['police', 1], ['people', 1]]"
"/cnn/00/cnn_0002.parse23","10/13","Students tonight saying he was very well - liked very approachable the kind of teacher who would actually give you lunch money if you forgot to bring <a>XXXX</a> with you that day /.","it","it","[]","['food:1', 'object:3']","[['food', 1], ['money', 1], ['tiffin', 1], ['box', 1], ['lunch', 2]]"
"/cnn/00/cnn_0002.parse201","0/2","<a>XXXX</a> 'll check in with you a little bit later /.","We","We","[]","['person:2']","[['employee', 1], ['ambassador', 1], ['analyst', 1], ['manager', 1]]"
"/cnn/00/cnn_0003.parse123","0/5","And <a>XXXX</a> think that I hid my symptoms pretty well for most of my life /.","I","I","[]","['person:3']","[['professional', 1], ['parent', 1], ['family', 1], ['doctor', 2], ['analyst', 1], ['friend', 1]]"
"/cnn/00/cnn_0006.parse313","3/4","When we come back we 'll continue our conversation with <a>XXXX</a> /.","Senators Lieberman and Kyl","Lieberman","[]","['person:4']","[['public_figure', 1], ['celebrity', 1], ['policy_maker', 1], ['interviewee', 1], ['actor', 1], ['friend', 2]]"
"/cnn/00/cnn_0008.parse193","12/24","what we have speculated is that it might be a much more tangled web that Fitzgerald is after the whole Iraq White House group the group that uh in <a>XXXX</a> office with Libby and Rove and Mary Matalin and Condoleezza Rice and a lot of administration officials basically sold um a war to the American public based on lies /.","Cheney 's","Cheney","[]","['person:1', 'object:1', 'people:1']","[['officer', 1], ['organization', 1], ['current', 1], ['group', 1], ['building', 1], ['department', 1], ['office', 1]]"
"/cnn/00/cnn_0008.parse486","7/12","You quoted one US senior official and what the President of the United States and the Vice President and <a>XXXX</a> are saying to reporters every day /.","the dis- Secretary of Defense","Secretary","[]","['person:4', 'people:1']","[['politician', 2], ['polititian', 1], ['representant', 1], ['treasurer', 1], ['congressman', 1], ['leader', 2], ['secretary', 1]]"
"/msnbc/00/msnbc_0000.parse286","4/10","If it pans out it 's true I think <a>XXXX</a> himself should prosecute without respect to whether it would have been pro or anti Michael Jackson /.","Tom Sneddon","Sneddon","[]","['person:3']","[['judge', 1], ['victim', 1], ['attorney', 1], ['prosecutor', 1], ['lawyer', 2]]"
"/msnbc/00/msnbc_0001.parse447","5/10","Look as you know twice a show we put out the pictures of <a>XXXX</a> uh who have not reported to the authorities in the hope that we can help in that effort /.","wanted sex offenders","offenders","[]","['person:2']","[['politician', 1], ['fugitive', 1]]"
"/msnbc/00/msnbc_0001.parse544","3/7","If this is true does n't this contradict that we are now safer that for invading Iraq <a>XXXX</a> the White House has been saying for a long time now /?","rhetoric","rhetoric","[]","['thing:1', 'object:1']","[['war', 1], ['city', 1]]"
"/msnbc/00/msnbc_0003.parse61","1/2","I disagree with my my friend and respected colleague <a>XXXX</a> /.","Trent Lott","Lott","[]","['person:6']","[['leader', 1], ['associate', 1], ['president', 1], ['colleague', 1], ['employee', 1], ['professor', 1], ['coworker', 2]]"
"/msnbc/00/msnbc_0004.parse195","0/9","<a>XXXX</a> Secretary of State of Ohio and US congressman Sherrod Brown of Ohio /.","Ken Blackwell","Blackwell","[]","['person:3', 'country:1']","[['champion', 1], ['republic', 1], ['nation', 1], ['leader', 1], ['secretary', 2], ['politician', 1]]"
"/msnbc/00/msnbc_0004.parse572","0/5","<a>XXXX</a> is a tough smart resourceful politician with a sense of where she 'd like to take the country /.","She","She","[]","['person:5']","[['politics', 1], ['country', 1], ['politician', 3], ['prime_minister', 1]]"
"/msnbc/00/msnbc_0005.parse417","5/10","Um I mean it 's -- it 's -- it 's -- I mean getting out there and looking around wandering around <a>XXXX</a> looking for good news sounds to me like a good way to get killed /.","Iraq","Iraq","[]","['place:2', 'event:1', 'location:2']","[['city', 2], ['laugh', 1], ['building', 1], ['country', 1], ['street', 2], ['town', 2]]"
"/msnbc/00/msnbc_0005.parse447","3/7","Yes I mean s- I mean I 'm d- -- <a>XXXX</a> 'm -- these are gradations here in Wh- -- in White House response /.","I","I","[]","['person:1']","[['spokesman', 1]]"
"/msnbc/00/msnbc_0007.parse514","3/23","I do think and I here I agree with both of <a>XXXX</a> as Bob Galluci pointed out without that agreed framework North Korea by all the calculations of the experts would now have fifty nuclear weapons /.","the other gentlemen you have on the show who have shown it 's possible to reach an agreement with North Korea and to get agreements that serve our interests The much maligned agreed framework","gentlemen","[]","['thing:1', 'event:1', 'person:1']","[['member', 1], ['chief', 1], ['minister', 1], ['company', 1]]"
"/nw/p2.5_a2e/00/p2.5_a2e_0006.parse7","8/11","Doctor Mohammed Abdulkarim , pediatrics and neonatology consultant monitoring the children 's condition at the Alawi Tunisi Hospital , said that <a>XXXX</a> were in stable condition and did not need intensive care .","the children","children","[]","['person:3', 'people:1']","[['baby', 1], ['child', 3], ['hospital', 1], ['resident', 1]]"
"/nw/p2.5_a2e/00/p2.5_a2e_0041.parse0","16/34","The Jordanian Minister of Energy and Mineral Wealth , Khaled Al Shraideh , said at the Eighth Arab Conference on the Use of Atomic Energy for Peaceful Purposes , which was opened here today , <a>XXXX</a> , that the uses of atomic energy have contibuted to all areas of life and have positively affected economic and social growth in different countries of the world , whether in combating serious diseases , improving the quality of industrial and agricultural production , producing electricity , or desalinating water .","Sunday","Sunday","[]","['event:1']","[['resource', 1], ['politics', 1], ['development', 1], ['economy', 1], ['war', 1], ['conference', 1], ['nation', 1]]"
"/nw/p2.5_c2e/00/p2.5_c2e_0039.parse0","11/19","To celebrate the 10th anniversary of Hong Kong 's return to the motherland , a prize - containing essay competition entitled "" The 10th Anniversary of Hong Kong 's Return Through My Eyes "" sponsored by the station of <a>XXXX</a> , a China National Radio program aired to Hong Kong and Macao regions , started today in Beijing .","Voice of Huaxia","Voice","[]","['organisation:1', 'organization:1', 'event:1', 'location:2']","[['city', 1], ['anniversary', 1], ['radio_station', 1], ['location', 1], ['analyst', 1]]"
"/nw/p2.5_c2e/00/p2.5_c2e_0041.parse1","0/5","The 435 Chinese peacekeeping soldiers currently carrying out <a>XXXX</a> in Sudan were each awarded the UN Peace Medal of Honor .","peacekeeping duties","duties","[]","['event:2']","[['duty', 1], ['fundraiser', 1], ['work', 1], ['war', 1], ['charity', 1], ['operation', 1], ['protests', 1]]"
"/nw/wsj/00/wsj_0003.parse27","10/11","`` There 's no question that some of those workers and managers contracted asbestos - related diseases , '' said Darrell Phillips , vice president of human resources for <a>XXXX</a> .","Hollingsworth & Vose","Hollingsworth","[]","['organization:1', 'object:1', 'place:1']","[['organisation', 1], ['party', 1], ['business', 1], ['company', 2]]"
"/nw/wsj/00/wsj_0036.parse8","1/2","Private construction spending was down , but <a>XXXX</a> was up .","government building activity","activity","[]","['event:2']","[['savings', 1], ['accident', 1], ['appetite', 1], ['demand', 1], ['turnover', 1], ['waste', 1], ['labor', 1], ['budget', 1], ['policy', 1]]"
"/nw/wsj/00/wsj_0045.parse24","6/18","Mr. Kaminski , the schoolteacher , and William Mehrens , <a>XXXX</a> , concluded in a study last June that CAT test versions of Scoring High and Learning Materials should n't be used in the classroom because of their similarity to the actual test .","a Michigan State University education professor","professor","[]","['person:2', 'post:1']","[['scientist', 1], ['advisor', 1], ['researcher', 1], ['position', 1], ['administrator', 2], ['teacher', 2]]"
"/nw/wsj/00/wsj_0047.parse14","3/5","Some researchers have charged that the administration is imposing <a>XXXX</a> for top scientific posts .","new ideological tests","tests","[]","['concept:1', 'event:2', 'restriction:1']","[['threat', 1], ['accident', 1], ['law', 1], ['quota', 1], ['restriction', 1], ['bribe', 1]]"
"/nw/wsj/00/wsj_0077.parse10","2/4","As expected , a national purchasing managers ' report indicated <a>XXXX</a> continues to contract modestly .","the nation 's manufacturing sector","sector","[]","['organization:1', 'event:1', 'object:1', 'action:1']","[['commodity', 1]]"
"/nw/wsj/00/wsj_0089.parse54","0/5","Also , <a>XXXX</a> do n't always live where the bells need to be rung -- like in small , rural parishes and inner - city churches .","ringers","ringers","[]","['person:2', 'people:1']","[['clergy', 1], ['church', 1], ['minister', 1], ['villager', 1], ['cleric', 1], ['pastor', 1], ['tribe', 1], ['priest', 1]]"
"/nw/wsj/00/wsj_0096.parse43","3/15","The following were neither barred nor suspended : Stephanie Veselich Enright , <a>XXXX</a> , Calif. , fined $ 2,500 and ordered to disgorge $ 11,762 ; Stuart Lane Russel , Glendale , Calif. , fined $ 2,500 and ordered to disgorge $ 14,821 ; Devon Nilson Dahl , Fountain Valley , Calif. , fined $ 82,389 .","Rolling Hills","Hills","[]","['person:1', 'place:2', 'location:1']","[['city', 2], ['village', 1], ['town', 1]]"
"/nw/wsj/02/wsj_0207.parse22","2/9","It was all too mellow to be believed , but they probably would have gotten away with <a>XXXX</a> , had they not felt compelled to add Ms. Collins 's signature tune , `` Amazing Grace , '' and ask for audience participation .","it","it","[]","['thing:1', 'image:1', 'concept:1', 'person:1', 'action:1']","[['officer', 1], ['crime', 1], ['picture', 1], ['photo', 1]]"
"/nw/wsj/02/wsj_0210.parse14","0/4","`` <a>XXXX</a> may very well be what the Japanese banks want , '' he told Radio New Zealand .","It","It","[]","['person:1', 'event:1', 'object:1']","[['power', 1], ['chaos', 1], ['problem', 1], ['natural_disaster', 1], ['crisis', 1], ['recession', 1], ['money', 1]]"
"/nw/wsj/02/wsj_0219.parse20","5/7","LONDON INTERBANK OFFERED RATES -LRB- LIBOR -RRB- : 8 3/4 % one month ; 8 11/16 % three months ; 8 7/16 % <a>XXXX</a> ; 8 7/16 % one year .","six months","months","[]","['event:1']","[['year', 2]]"
"/nw/wsj/02/wsj_0254.parse16","3/6","Several components that track the health of <a>XXXX</a> of the economy turned down in September .","the manufacturing sector","sector","[]","['person:1', 'place:1', 'idea:1']","[['stockist', 1], ['product', 1], ['aspect', 1], ['portion', 1], ['state', 1], ['sector', 1], ['factor', 1], ['segment', 1], ['country', 1], ['component', 1]]"
"/nw/wsj/02/wsj_0283.parse21","8/9","The two , Szeto Wah and Martin Lee , were deemed unfit because they had condemned China 's crackdown on <a>XXXX</a> .","its pro-democracy movement","movement","[]","['politics:1', 'event:2']","[['firing', 1], ['uprising', 1], ['movement', 2], ['activism', 1], ['belief', 1], ['demonstration', 1], ['idea', 1], ['protests', 1], ['act', 1], ['campaign', 1]]"
"/nw/wsj/02/wsj_0288.parse7","7/9","Despite the informal nature of the session and the calculated effort to hold down expectations , the meeting could pay <a>XXXX</a> for both leaders .","significant political dividends","dividends","[]","['object:1']","[['money', 2], ['dividend', 1], ['profit', 1]]"
"/nw/wsj/03/wsj_0309.parse24","9/10","This week , a Baltimore Sun editorial said the Lantos subcommittee on HUD should forget about Sam Pierce 's testimony for the moment and call some other witnesses : <a>XXXX</a> of the 40 pork - barrel projects .","the various congressional sponsors","sponsors","[]","['person:1', 'law:1', 'event:1']","[['case', 2]]"
"/nw/wsj/03/wsj_0335.parse2","10/14","A California official also said he sent the Federal Bureau of Investigation a packet of documents relating to a previously reported $ 400,000 contribution from Lincoln 's parent solicited by <a>XXXX</a> -LRB- D. , Calif . -RRB- .","Sen. Alan Cranston","Cranston","[]","['person:3', 'object:1', 'people:1']","[['evidence', 1], ['officer', 1], ['organization', 1], ['proof', 1], ['group', 1], ['firm', 1], ['alliance', 1], ['lawyer', 1]]"
"/nw/wsj/03/wsj_0341.parse4","6/8","In addition to Unocal 's 153,000 barrel - a - day refinery near Lemont , Ill. , <a>XXXX</a> would control 17 distribution terminals , a lubricating - oil blending and packaging plant , and 131 company - owned Unocal service stations .","the new venture","venture","[]","['person:1', 'organization:1', 'place:1', 'people:1']","[['country', 1], ['organization', 1], ['manager', 1], ['continent', 1], ['group', 1], ['firm', 1], ['company', 2]]"
"/nw/wsj/03/wsj_0359.parse7","13/14","But the two groups have something very important in common : They are both havens for scared money , stocks for people who hate <a>XXXX</a> .","stocks","stocks","[]","['activity:1', 'event:2']","[['democracy', 1], ['growth', 1], ['failure', 1], ['power', 1], ['spending_money', 1], ['dictatorship', 1], ['loss', 1]]"
"/nw/wsj/03/wsj_0364.parse0","2/7","Companies listed below reported <a>XXXX</a> substantially different from the average of analysts ' estimates .","quarterly profit","profit","[]","['finance:1', 'event:1']","[['list', 1], ['growth', 1], ['profit', 3], ['expansion', 1], ['company', 1], ['loss', 1], ['stock', 1]]"
"/nw/wsj/04/wsj_0415.parse10","2/7","To avoid a runoff , one candidate would have to win 50 % of <a>XXXX</a> -- a feat that most analysts consider impossible with so many candidates running .","the vote","vote","[]","['place:1', 'object:2']","[['city', 1], ['coin', 1], ['jurisdiction', 1], ['state', 1], ['region', 1], ['population', 1], ['vote', 2], ['province', 1], ['majority', 1]]"
"/nw/wsj/04/wsj_0449.parse54","3/5","`` -LCB- Wall Street -RCB- is beginning to realize -- as Shakespeare said -- the trouble is not in <a>XXXX</a> , but in ourselves . ''","our stars","stars","[]","['person:2', 'location:1']","[['neighbor', 1], ['relationship', 1], ['ideology', 1], ['mind', 1], ['leader', 1], ['enemy', 1]]"
"/nw/wsj/04/wsj_0452.parse0","0/6","<a>XXXX</a> agreed to decide whether the federal Pension Benefit Guaranty Corp. may require LTV Corp. to reassume funding responsibility for a $ 2.3 billion shortfall in the company 's pension plans .","The Supreme Court","Court","[]","['person:2', 'organization:1', 'event:1']","[['stockist', 1], ['professional', 1], ['polititian', 1], ['bureau', 1], ['manager', 1], ['pension', 1], ['politician', 1], ['corporation', 1]]"
"/nw/wsj/05/wsj_0526.parse25","10/14","There are two exceptions : Josh -LRB- Jeffrey DeMunn -RRB- , the local doctor who has always loved Kate ; and <a>XXXX</a> -LRB- Richard Masur -RRB- , Kate 's simple - minded but affectionate brother .","Lincoln","Lincoln","[]","['person:5']","[['brother', 2], ['doctor', 1], ['man', 1]]"
"/nw/wsj/05/wsj_0560.parse7","0/5","<a>XXXX</a> expects a need for 140,000 megawatts of new generation in the U.S. over the next decade .","The company","company","[]","['people:1']","[['politician', 1], ['industry', 1], ['country', 1], ['company', 1], ['organization', 1], ['firm', 1]]"
"/nw/wsj/05/wsj_0564.parse40","5/8","In 1987 , Mr. Rey bested leading publishing houses to take over Switzerland 's Jean Frey AG , <a>XXXX</a> .","a major producer of magazines and newspapers","producer","[]","['person:1', 'organization:1', 'title:1']","[['politician', 2], ['president', 1], ['chairman', 1], ['leader', 1], ['doctor', 1]]"
"/nw/wsj/05/wsj_0571.parse9","1/7","When Mrs. Thatcher cut <a>XXXX</a> to 40 % , Mr. Lawson flooded the country with money to prevent the pound from rising against the mark .","the top tax rate","rate","[]","['object:1', 'noun:1', 'event:1', 'number:1']","[['taxes', 2], ['money', 2], ['amount', 1], ['interest', 1], ['benefit', 1], ['budget', 1], ['stock', 1]]"
"/nw/wsj/06/wsj_0628.parse20","1/6","If that controversy continues , <a>XXXX</a> say , West German and other foreign producers are likely to grab most of the sales in Eastern Europe .","U.S. machine tool makers","makers","[]","['person:3', 'group:1']","[['analyst', 1], ['spectator', 1], ['reporter', 1], ['researcher', 1]]"
"/nw/wsj/06/wsj_0655.parse21","7/13","Secretary of State James Baker , who accompanied President Bush to Costa Rica , told reporters Friday : `` <a>XXXX</a> have no reason to deny reports that some Contras ambushed some Sandinista soldiers . ''","I","I","[]","['person:2', 'organization:1', 'persons:1']","[['government', 1], ['politician', 1], ['outlet', 1], ['media', 1], ['american', 1], ['reporter', 1]]"
"/nw/wsj/06/wsj_0664.parse18","7/8","The educational effort of teaching companies in the natural gas industry how to use the futures to hedge would have to continue for another a year or two , <a>XXXX</a> added .","he","he","[]","['person:5', 'news:1']","[['politician', 1], ['researcher', 1], ['commentator', 1], ['analyst', 1], ['reporter', 2], ['authority', 1]]"
"/nw/wsj/07/wsj_0714.parse5","0/1","Rolled copper product sales were <a>XXXX</a> to overall sales growth .","major contributors","contributors","[]","['finance:1', 'event:1']","NULL_FINE"
"/nw/wsj/07/wsj_0723.parse21","3/14","France 's Socialist government , which currently holds <a>XXXX</a> , is committed to having the charter adopted by all 12 EC states before the end of 1989 -- the bicentennial of the French revolution and its `` Universal Declaration of Human Rights .","the council 's rotating presidency","presidency","[]","['place:1', 'location:1', 'object:2']","[['majority', 1], ['power', 2], ['authority', 1], ['party', 1], ['state', 1]]"
"/nw/wsj/07/wsj_0758.parse69","5/6","When the Engelken family got back from its trip up north , Mr. Engelken wrote it all down , just to make sure <a>XXXX</a> was missed .","no detail","detail","[]","['person:2', 'trip:1', 'object:1']","[['trip', 1], ['baby', 1], ['family', 1], ['activity', 1]]"
"/nw/wsj/07/wsj_0766.parse20","0/7","<a>XXXX</a> ago , Mrs. Hammack insisted on buying earthquake insurance for this house , which had been converted into apartments .","A few years","years","[]","['event:1']","[['day', 3], ['month', 2], ['hour', 1], ['year', 5]]"
"/nw/wsj/07/wsj_0769.parse17","17/21","Unless Mr. Lawson 's resignation leads to a change in British interest - rate policy -- Mrs. Thatcher 's administration firmly supports high interest rates to keep inflation in check -- or posturing toward full inclusion in the European Monetary System 's exchange - rate mechanism , Mr. Lawson 's withdrawal will have <a>XXXX</a> , Mr. Chandross concluded .","little long - term impact on exchange rates","impact","[]","['finance:1', 'event:2', 'idea:1']","[['accident', 1], ['reaction', 1], ['effect', 2], ['rate', 1], ['impact', 1], ['difference', 1], ['small_change', 1]]"
"/nw/wsj/07/wsj_0779.parse42","2/6","But since the member countries of <a>XXXX</a> agreed to the `` Guidelines to Floating '' in 1974 , such difficulties have been avoided .","the International Monetary Fund","Fund","[]","['organisation:1', 'location:1']","[['association', 1], ['state', 1], ['union', 1], ['board', 1]]"
"/nw/wsj/07/wsj_0794.parse28","1/4","I know that <a>XXXX</a> 'm shouting into the breeze here as far as what we 're doing now .","I","I","[]","['person:2']","[['professional', 1]]"
"/nw/wsj/08/wsj_0803.parse8","3/6","The figures exclude lump - sum payments and <a>XXXX</a> , so the actual wage increases may have been bigger .","cost - of - living adjustments","adjustments","[]","['finance:2', 'object:1']","[['coin', 1], ['bonus', 1], ['dividend', 1], ['commission', 1], ['inflation', 1], ['cash', 1], ['payment', 1]]"
"/nw/wsj/09/wsj_0944.parse47","10/12","But Judge Arthur Alarcon , joined by Judge Cynthia Holcomb Hall , took the astonishing position that it is perfectly OK to fabricate quotations so long as a judge finds that the fabrications do not alter substantive content or are <a>XXXX</a> of ambiguous remarks .","rational interpretations","interpretations","[]","NULL_GEN","[['transcript', 1], ['interpretation', 2], ['record', 1], ['objection', 1], ['supposition', 1]]"
"/nw/wsj/09/wsj_0977.parse6","1/4","Rumors to the effect that <a>XXXX</a> would file for Chapter 11 arose last week in the jewelry industry .","the Merksamer chain","chain","[]","['organization:1', 'event:1', 'company:3']","[['business', 1], ['corporations', 1], ['retailer', 1], ['brand_name', 1], ['stock', 1], ['industry', 1], ['company', 2]]"
"/nw/wsj/09/wsj_0978.parse26","3/12","But everything is relative to Mr. Terrizzi , so stocks in <a>XXXX</a> can become more attractive in comparison with bonds or T - bills , even if shares are more expensive than when they were sold in January .","his view","view","[]","['organisation:1', 'place:1', 'people:1']","[['season', 1], ['sector', 1], ['location', 1], ['company', 2], ['month', 1], ['organization', 1], ['firm', 1]]"
"/nw/wsj/09/wsj_0983.parse28","0/5","<a>XXXX</a> recently said that it plans to reduce its leverage position by buying back $ 5 million in preferred stock and notes from investors .","New America High Income Fund","Fund","[]","['person:2', 'organisation:1']","[['investor', 2], ['politician', 1], ['company', 3]]"
"/nw/wsj/09/wsj_0983.parse44","2/3","He concedes : `` This is the most difficult market that <a>XXXX</a> 've been involved in . ''","I","I","[]","['person:1', 'people:1']","[['stockist', 1], ['group', 1], ['worker', 1]]"
"/nw/wsj/09/wsj_0985.parse4","1/16","<a>XXXX</a> for this disparity is that the Bank of England was a private bank with substantial earning assets , and the common - law rights of creditors to collect claims against the bank were well established in Britain .","The most likely reason","reason","[]","NULL_GEN","[['cause', 1], ['reason', 2], ['clarification', 1], ['explanation', 2]]"
"/nw/wsj/09/wsj_0994.parse36","1/12","<a>XXXX</a> , Imperial Palace , Frontier and others are pouring millions of dollars into facelifts , new room towers and casino floor space just to keep up .","The Flamingo Hilton","Hilton","[]","['location:2', 'object:1']","[['owner', 1], ['place', 1], ['builder', 2], ['dollar', 1], ['group', 1], ['wynn', 1], ['building', 2], ['company', 1], ['society', 1]]"
"/nw/wsj/10/wsj_1041.parse33","0/10","`` <a>XXXX</a> is that we learn our lesson well , and to make sure other experimental drugs , like Bristol - Myers Co. 's DDI , do n't follow the same frustrating course as AZT . ''","The crucial thing","thing","[]","['concept:1', 'event:1']","[['point', 1], ['fact', 1], ['truth', 1], ['proof', 1], ['studying', 1], ['lesson', 1]]"
"/nw/wsj/10/wsj_1094.parse35","9/18","In 1974 , as the U.S. representative to the United Nations , he wrote an introduction to a book on <a>XXXX</a> in which he boasted of his leadership during his term in Congress in expanding family - planning services for the poor .","world population","population","[]","['event:2', 'political_party:1']","[['election', 1], ['politics', 1], ['life_history', 1], ['war', 1], ['congress', 1], ['diplomacy', 1], ['leadership', 1], ['biography', 1], ['socialism', 1], ['conflict', 1], ['charity', 1]]"
"/nw/wsj/11/wsj_1123.parse9","2/7","The critics also lambasted the magazine industry for <a>XXXX</a> : the growth in magazine titles during the 1980s .","something executives often are very proud of","something","[]","['activity:1', 'event:3']","[['excessiveness', 1], ['miscalculation', 1], ['failure', 1], ['overkill', 1], ['news', 1], ['growth', 1], ['error', 1], ['article', 1], ['publication', 1], ['industry', 1]]"
"/nw/wsj/11/wsj_1125.parse10","2/6","`` There are n't as many economically viable alternatives for real estate developers in <a>XXXX</a> as 10 years ago , '' says Charles Shaw , a Chicago - based real estate developer . ``","this country","country","[]","['place:2', 'location:1']","[['city', 1], ['date', 1], ['county', 1], ['town', 1], ['location', 2], ['year', 1], ['area', 1]]"
"/nw/wsj/11/wsj_1162.parse11","3/9","To find out what red tape riles entrepreneurs most , the Journal asked <a>XXXX</a> of business owners to fantasize about the forms and regulations they would most like to get lost in the mail .","a completely unscientific , random sample","sample","[]","['person:1', 'organization:1', 'persons:1']","[['amount', 1], ['group', 1]]"
"/nw/wsj/12/wsj_1206.parse3","3/11","The cable and TV station company was an LBO of <a>XXXX</a> , a set of assets that were leveraged twice , enabling the blue - chip buy - out king Henry Kravis in 1987 to take more than $ 1 billion of cash out of the com - pany .","an LBO","LBO","[]","['place:2', 'organization:1', 'people:1']","[['organization', 1], ['business', 1], ['firm', 1], ['location', 1], ['company', 1]]"
"/nw/wsj/12/wsj_1282.parse1","3/13","The designer , whose line of modular , <a>XXXX</a> - fits - all clothing has spawned a host of clones , has been in a dispute with her latest licensee , Jerell Inc. for several months .","one - size","size","[]","['object:2']","[['descriptor', 1], ['thread', 1]]"
"/nw/wsj/12/wsj_1286.parse50","5/7","Let us sum up what we do know about education and about those education reforms that do work and do n't work : -- `` <a>XXXX</a> '' is a bad idea .","Parental involvement","involvement","[]","['event:2', 'idea:1']","[['policy', 1], ['law', 1], ['action', 1], ['disaster', 1], ['belief', 1]]"
"/nw/wsj/12/wsj_1299.parse8","1/10","<a>XXXX</a> , dated last Thursday , cited the losses at Valley National , and at United Bank , also of Phoenix , where Mr. Simmons was chairman for 29 years .","The letter","letter","[]","['person:1', 'object:3']","[['newspaper', 1], ['letter', 1], ['year', 1], ['article', 2], ['paper', 1], ['company', 1]]"
"/nw/wsj/13/wsj_1306.parse17","1/2","Personal - computer maker AST Research Inc. said it is still studying <a>XXXX</a> .","the situation","situation","[]","['idea:1', 'event:1', 'object:1', 'technology:1']","[['wonder', 1], ['theory', 1], ['innovation', 1], ['mechanics', 1], ['concept', 1], ['research', 1], ['belief', 1], ['artificial_intelligence', 1], ['technology', 1], ['field_of_study', 1]]"
"/nw/wsj/13/wsj_1322.parse26","0/5","<a>XXXX</a> sweetened the terms from the original yield estimate in an apparent effort to place the huge offering .","First Boston","Boston","[]","['person:4', 'organization:1', 'people:1']","[['group', 1], ['scientist', 1], ['organization', 1], ['banker', 1], ['firm', 1]]"
"/nw/wsj/13/wsj_1331.parse33","6/12","In a brief filed with the Supreme Court last week , Mr. Pretl criticizes the appeal for raising <a>XXXX</a> , while jeopardizing the proposed reorganization and the settlement payments to claimants .","`` abstract '' and `` theoretical '' legal issues","issues","[]","['event:1', 'object:1']","[['concern', 1], ['cost', 1], ['objection', 1], ['payout', 1], ['expense', 1], ['questioning', 1], ['claim', 1], ['penalty', 1], ['wage', 1], ['payment', 1]]"
"/nw/wsj/13/wsj_1367.parse39","12/13","Guests bring movies on tape , and show their favorite three - to - five minute segments on the screen that unrolls from the ceiling of the Volokhs ' art - nouveau library -LRB- `` <a>XXXX</a> '' -RRB- .","the pleasure dome","dome","[]","['person:1', 'place:1', 'location:1']","[['amphitheater', 1], ['education', 1], ['artist', 1], ['library', 1], ['palace', 1], ['building', 1], ['screening_room', 1]]"
"/nw/wsj/13/wsj_1388.parse12","1/10","`` I thought <a>XXXX</a> was over the hill at 22 , '' recalls Mr. McDuffie , an outgoing man with pale blue eyes and a light Southern drawl .","I","I","[]","['person:3', 'people:1']","[['men', 1], ['public_figure', 1], ['place', 1], ['people', 1], ['church', 1], ['building', 1], ['friend', 1], ['celebrity', 1], ['achiever', 1], ['adult', 1]]"
"/nw/wsj/14/wsj_1418.parse6","0/10","<a>XXXX</a> would n't confirm the size of the bond issue , but did say that a general obligation offering is in the works and should be priced sometime in the next two weeks , before the November mayoral election .","A spokesman for the city","spokesman","[]","['person:4']","[['spokesperson', 1], ['politician', 3], ['leader', 1], ['banker', 1]]"
"/nw/wsj/14/wsj_1429.parse18","2/14","Even modernized , he said , the Crusaders represent <a>XXXX</a> .","an obsolete and dangerous protection for the aircraft carriers France has sent to meet such crises as the wars in Lebanon and the Persian Gulf","protection","[]","['event:1', 'security:1']","[['power', 1], ['protection', 1], ['safety', 1], ['conviction', 1], ['belief', 1], ['superiority', 1], ['honor', 1], ['god', 1], ['idea', 1]]"
"/nw/wsj/14/wsj_1432.parse6","6/13","There also is concern that once Hong Kong reverts to China 's sovereignty in 1997 , Cathay will be forced to play second fiddle to <a>XXXX</a> , Civil Aviation Administration of China , or CAAC .","China 's often - disparaged flag carrier","carrier","[]","['organization:2', 'event:2', 'location:1']","[['government', 2], ['department', 1], ['sovereignty', 1], ['country', 1]]"
"/nw/wsj/14/wsj_1443.parse6","2/6","The IL - 4 receptor is one of five such receptors to be developed and tested by <a>XXXX</a> , a spinoff of Immunex , through a proposed $ 30 million initial public offering .","Receptech Corp.","Corp.","[]","['organization:1', 'group:1', 'place:1', 'event:1']","[['business', 1], ['injection', 1], ['company', 1]]"
"/nw/wsj/14/wsj_1446.parse20","17/18","A federal court jury in New York found U.S. Rep. Robert Garcia -LRB- D. , N.Y . -RRB- and his wife , Jane Lee Garcia , guilty of extorting $ 76,000 from Wedtech in return for official acts by <a>XXXX</a> .","the congressman","congressman","[]","['concept:1', 'organization:1', 'person:1', 'event:1']","[['accident', 1], ['company', 1], ['extortion', 1]]"
"/nw/wsj/14/wsj_1455.parse55","2/11","To more than replace <a>XXXX</a> from two English oaks used for paneling at Paul Stuart , however , Mr. McDonough and friends planted 1,000 acorns around the country .","the wood","wood","[]","['object:5']","[['tree', 1], ['plant', 1], ['wood', 3], ['shrubbery', 1], ['bark', 1]]"
"/nw/wsj/14/wsj_1470.parse21","3/6","The Hildebrandt course enables students to brush up on negotiation skills by <a>XXXX</a> .","role playing in simulated deals","playing","[]","['person:1', 'event:2', 'object:1', 'action:1']","[['negotiation', 1], ['box', 1]]"
"/nw/wsj/14/wsj_1473.parse17","10/11","The irony in this novel is that neither man represents a `` safe '' middle - class haven : Nora 's decision is between emotional excitement and emotional security , with <a>XXXX</a> .","no firm economic base anywhere","base","[]","['person:3', 'event:1']","[['terror', 1], ['character', 1], ['love_interest', 1], ['firm', 1]]"
"/nw/wsj/15/wsj_1566.parse23","7/15","Your priorities may be different , but here in Figure 2 is where I 've chosen to build for the future : personal space ; automotive pursuits ; <a>XXXX</a> toys ; gardening equipment , bulbs and shrubs ; and finally , entertainment , perhaps the best investment of all .","children 's","children","[]","['person:1', 'object:1', 'plaything:1']","[['equipment', 1], ['kid', 1], ['toy', 1]]"
"/nw/wsj/15/wsj_1568.parse32","3/4","`` I 've heard that there is $ 40 billion taken in nationwide by boiler rooms every year , '' <a>XXXX</a> says .","Mr. McClelland","McClelland","[]","['person:4', 'news:1']","[['businessman', 1], ['politician', 1], ['analyzer', 1], ['researcher', 1], ['member', 1], ['leader', 1], ['president', 1], ['reporter', 2]]"
"/nw/wsj/15/wsj_1569.parse2","1/2","True , when you went to <a>XXXX</a> , there was n't that much to learn .","college","college","[]","['place:2', 'location:3']","[['school', 2], ['place', 1], ['college', 1], ['university', 2]]"
"/nw/wsj/15/wsj_1591.parse5","3/5","`` What this means is that Europeans will have these machines in their offices before <a>XXXX</a> do , '' the spokesman said .","Americans","Americans","[]","['people:1', 'person:1', 'event:1', 'countryman:1']","[['american', 1], ['citizen', 1]]"
"/nw/wsj/16/wsj_1600.parse13","3/16","`` Indexing has been the most single successful investment concept in <a>XXXX</a> , but the index money has been just sort of sitting there , '' says Seth M. Lynn , president of Axe Core Investors Inc. , an indexer based in Tarrytown , N.Y .","the last decade","decade","[]","['person:1', 'event:1']","[['stock', 1], ['economics', 1], ['investment', 1]]"
"/nw/wsj/16/wsj_1601.parse14","6/9","Varity has proposed to acquire K - H Corp. , consisting of the auto parts division and <a>XXXX</a> of Fruehauf Corp. , for $ 577.3 million of cash and securities .","some debt","debt","[]","['object:2', 'people:1']","[['firm', 1], ['stock', 1], ['division', 1], ['sector', 1], ['company', 1], ['oil', 1], ['storage', 1]]"
"/nw/wsj/16/wsj_1612.parse0","0/15","<a>XXXX</a> said it agreed in principle to buy five branch offices from Trustcorp Inc. , Toledo , Ohio , following the planned merger of Trustcorp into Society Corp. , Cleveland .","Banc One Corp.","Corp.","[]","['person:1', 'organization:2', 'object:1', 'people:1']","[['newspaper', 1], ['bank', 1], ['boss', 1], ['representant', 1], ['business', 1], ['leader', 1], ['corporation', 1], ['politician', 1], ['company', 1]]"
"/nw/wsj/16/wsj_1615.parse1","4/10","White , 24 years old , a singer in her church choir , she symbolizes <a>XXXX</a> .","a generation that gave its heart and its vote to Ronald Reagan","generation","[]","['person:2', 'event:1']","[['music', 1], ['talent', 1], ['group', 1], ['singer', 1]]"
"/nw/wsj/16/wsj_1617.parse29","1/6","In one phone call , <a>XXXX</a> can make hotel and restaurant reservations , buy lift tickets , rent ski equipment and sign up for lessons .","ski buffs","buffs","[]","['person:4', 'organization:1']","[['guest', 1], ['traveler', 1], ['customer', 3], ['tourist', 1], ['analyst', 1]]"
"/nw/wsj/16/wsj_1644.parse4","4/16","In fact , last Friday 's 190.58 - point tumble in the stock market caught many people and businesses by <a>XXXX</a> , not the least of them brokerage firms such as Shearson that print their weekly market commentaries on Fridays for dissemination the following week .","surprise","surprise","[]","['event:1', 'emotion:2', 'object:1', 'idea:1']","[['shock', 2], ['storage', 1], ['surprise', 2], ['suprise', 1]]"
"/nw/wsj/16/wsj_1646.parse1","7/13","In a report on China 's foundering economy , the official State Statistical Bureau disclosed that industrial output <a>XXXX</a> rose 0.9 % from a year earlier - the lowest growth rate in a decade for September .","last month","month","[]","['noun:1', 'event:2', 'location:1']","[['data', 1], ['date', 1], ['year', 1], ['downstate', 1], ['stock', 1]]"
"/nw/wsj/16/wsj_1646.parse5","0/4","`` <a>XXXX</a> is taking hold a lot more quickly and devastatingly than anyone had expected . ''","The slowdown","slowdown","[]","['person:1', 'event:2', 'idea:1']","[['disease', 2], ['virtue', 1], ['politician', 1], ['norm', 1], ['law', 1], ['virus', 1], ['belief', 1], ['earthquake', 1]]"
"/nw/wsj/16/wsj_1648.parse3","3/7","From January through September , <a>XXXX</a> flown by Lufthansa airplanes rose 5.6 % to 266.2 million kilometers from a year earlier , the company added .","the distance","distance","[]","['vehicle:1', 'object:3']","[['trip', 1], ['aircraft', 1], ['flight', 3], ['journey', 1], ['flower', 1], ['aeroplane', 1]]"
"/nw/wsj/16/wsj_1691.parse41","1/2","Hurricane Hugo , an Atlantic storm , did n't affect <a>XXXX</a> .","Vista","Vista","[]","['person:1', 'location:3', 'object:1']","[['state', 3], ['storage', 1], ['town', 1], ['resident', 1], ['city', 2], ['county', 1], ['country', 1], ['area', 1], ['coast', 1]]"
"/nw/wsj/16/wsj_1697.parse3","1/6","<a>XXXX</a> stock closed yesterday at $ 4.875 , unchanged in composite trading on the New York Stock Exchange .","Mercury 's","Mercury","[]","['place:1', 'object:1', 'people:1']","[['organization', 1], ['stock', 1], ['business', 1], ['firm', 1], ['company', 2]]"
"/nw/wsj/16/wsj_1698.parse13","1/4","Congress would have 20 days to reject <a>XXXX</a> with a 50 % majority , but then a President could veto that rejection .","the package","package","[]","['object:2']","[['proposition', 1], ['treaty', 1], ['law', 1], ['bill', 3], ['legislation', 1]]"
"/nw/wsj/17/wsj_1705.parse29","10/17","And deposits at NCNB Texas National Bank , a unit of NCNB Corp. , Charlotte , <a>XXXX</a> , have increased $ 2 billion since last year after heavy advertising stressing commitment to Texas .","N.C.","N.C.","[]","['person:1', 'location:2', 'event:1']","[['street', 1], ['state', 1], ['neighbourhood', 1]]"
"/nw/wsj/17/wsj_1737.parse4","7/8","The Chicago Board of Trade , the No. 1 U.S. grain market , had long chafed under the attention won by its innovative archrival , <a>XXXX</a> .","the livestock - dealing Mercantile Exchange","Exchange","[]","['person:2', 'place:1', 'people:1']","[['business', 1], ['organization', 1], ['company', 1], ['chairman', 1], ['inventor', 1], ['group', 1], ['firm', 1], ['secretary', 1]]"
"/nw/wsj/17/wsj_1760.parse15","2/3","Here , then , is where the Orange Workers have come to make <a>XXXX</a> last stand .","apartheid 's","apartheid","[]","['event:1', 'object:1', 'organization:1']","[['gate', 1]]"
"/nw/wsj/17/wsj_1790.parse2","1/5","Some employers initiate <a>XXXX</a> , especially if work problems threaten a top manager 's job .","referrals","referrals","[]","['event:2']","[['negotiation', 1], ['movement', 1], ['problem', 1], ['conversation', 1], ['complaint', 1], ['discussion', 1], ['policy', 1]]"
"/nw/wsj/18/wsj_1824.parse30","2/8","And the Treasury said <a>XXXX</a> of the San Francisco area will be able to cash in savings bonds even if they have n't held them for the minimum six - month period .","residents","residents","[]","['organisation:1', 'person:1', 'place:1', 'people:2']","[['trader', 1], ['store', 1], ['bank', 1], ['citizen', 2], ['member', 1], ['people', 1], ['investor', 1], ['officer', 1], ['company', 1]]"
"/nw/wsj/18/wsj_1875.parse47","4/12","As part of his image polishing , Mr. Krenz is expected to take <a>XXXX</a> to rebuild confidence among the people and reassert the party 's authority .","modest steps toward reform","steps","[]","['person:1', 'idea:1']","[['initiative', 1], ['effort', 1], ['measure', 1], ['policy', 1], ['action', 3]]"
"/nw/wsj/19/wsj_1906.parse5","3/5","`` I accept the resolution of the matter by <a>XXXX</a> , '' he said .","the Ethics Committee","Committee","[]","['person:2', 'event:1']","[['accident', 1], ['judge', 1], ['authority', 1]]"
"/nw/wsj/19/wsj_1915.parse15","7/14","APPLIED MATERIALS INC. , Santa Clara , maker of computer - chip machine systems , annual sales of $ 490 million , OTC , had <a>XXXX</a> .","slight damage to headquarters , no damage to manufacturing plants","damage","[]","['event:1', 'object:2']","[['money', 1], ['chip', 1], ['amount', 1]]"
"/nw/wsj/19/wsj_1935.parse16","3/5","Give him an F for his failure to understand <a>XXXX</a> of economic equity .","the ethics","ethics","[]","['thing:1']","[['point', 1], ['knowledge', 1], ['concept', 2], ['principle', 3], ['standard', 1], ['lesson', 1]]"
"/nw/wsj/19/wsj_1937.parse43","9/10","In other earthquake - related news , Hambrecht & Quist 's OTC market makers were excused from trading yesterday and its positions were frozen for the day by the National Association of <a>XXXX</a> .","Securities Dealers","Dealers","[]","['event:1', 'action:1', 'organization:1']","[['disaster', 1], ['worker', 1], ['safety', 1], ['seismologist', 1], ['company', 1], ['financier', 1], ['news', 1]]"
"/nw/wsj/20/wsj_2006.parse5","4/5","Mr. Percival will be succeeded on an interim basis by George Kadonada , <a>XXXX</a> .","US Facilities chairman and president","chairman","[]","['person:3', 'title:1', 'suffix:1']","[['esquire', 1], ['politician', 1], ['job_title', 1], ['group', 1], ['attorney', 1], ['doctor', 1]]"
"/nw/wsj/20/wsj_2015.parse3","2/12","The new reports of <a>XXXX</a> , which were foreshadowed by an earlier Labor Department report that manufacturing payrolls dropped by 105,000 in September , give the Fed another reason to further ease its grip on credit and lower interest rates .","sluggishness","sluggishness","[]","['person:1', 'event:2', 'issue:1']","[['news', 1], ['policy', 1], ['reporter', 1]]"
"/nw/wsj/20/wsj_2053.parse21","0/11","<a>XXXX</a> continues to support SDI , or Star Wars , and it recently lobbied to persuade the Senate to restore some of the funds it planned to cut from the program .","The administration","administration","[]","['organisation:1', 'person:1', 'organization:2', 'people:1']","[['bureau', 1], ['union', 1], ['congress', 1], ['manager', 1], ['company', 1], ['government', 2], ['organization', 1], ['political_party', 1], ['firm', 1]]"
"/nw/wsj/20/wsj_2066.parse3","7/10","HBO has close to 24 million subscribers to its HBO and Cinemax networks , while Showtime and its sister service , The Movie Channel , have only about 10 million , according to <a>XXXX</a> .","Paul Kagan Associates , a Carmel , Calif. , research firm","Associates","[]","['person:2', 'source:1', 'people:1']","[['artist', 1], ['secretary', 1], ['newspaper', 1], ['company', 1], ['officer', 1], ['organization', 1], ['publication', 1]]"
"/nw/wsj/21/wsj_2144.parse10","0/2","And there were <a>XXXX</a> on the questions in July 1972 .","Senate hearings","hearings","[]","['thing:1', 'object:1']","[['analysis', 1], ['file', 1], ['answer', 1], ['mark', 1], ['thought', 1], ['error', 1], ['objection', 1]]"
"/nw/wsj/22/wsj_2257.parse23","0/3","<a>XXXX</a> are n't directly comparable ; lending practices vary widely by location .","These rate indications","indications","[]","['place:1', 'organization:1', 'object:1']","[['bank', 1], ['loan_shark', 1], ['business', 1], ['loan', 1], ['file', 1]]"
"/nw/wsj/22/wsj_2276.parse29","0/6","And <a>XXXX</a> that a crash was n't in store also helped calm investors .","the widely disseminated opinion among most market experts","opinion","[]","['news:1', 'event:1', 'object:1']","[['accident', 1], ['story', 1], ['evidence', 1], ['storage', 1], ['promise', 1]]"
"/nw/wsj/23/wsj_2338.parse10","4/13","Against that backdrop , UAW Vice President Stephen P. Yokich , who recently became <a>XXXX</a> of the union 's GM department , issued a statement Friday blasting GM 's `` flagrant insensitivity '' toward union members .","head","head","[]","['person:2', 'event:1']","[['chair', 1], ['president', 2], ['title', 1], ['union', 1], ['chairman', 1], ['leader', 2], ['department', 1], ['post', 1], ['head', 1]]"
"/nw/wsj/23/wsj_2343.parse13","4/12","The games Bronx children played -LRB- holding <a>XXXX</a> down and stripping them , for example -RRB- seem tame by today 's crack standards , but Ms. Cunningham makes it all sound like a great adventure .","kids","kids","[]","['object:2', 'people:1']","[['playmate', 1], ['joystick', 1], ['straw', 1], ['controller', 1], ['child', 1], ['friend', 1]]"
"/nw/wsj/23/wsj_2343.parse29","1/9","Harry is now a 57 - year - old writer , <a>XXXX</a> with drugs and marginal types in Hollywood and New York seems quaintly out - of - synch .","whose continuing flirtation","flirtation","[]","['person:3', 'object:1', 'idea:1']","[['association', 1], ['writer', 2], ['cigarette', 1], ['comfort', 1], ['proclivity', 1], ['inclination', 1], ['friend', 1]]"
"/nw/wsj/23/wsj_2351.parse51","2/7","Says Mr. Mosettig : `` CNN is <a>XXXX</a> ; they 're on top of everything .","my wire service","service","[]","['event:2']","[['praise', 1], ['news', 1], ['update', 1]]"
"/nw/wsj/23/wsj_2363.parse15","3/4","But when something is inevitable , you learn to live with it , '' <a>XXXX</a> said .","he","he","[]","['person:5']","[['mentor', 1], ['boss', 1], ['person', 1], ['parent', 1], ['philosopher', 1], ['advocate', 1], ['interviewer', 1], ['authority', 1]]"
"/nw/wsj/23/wsj_2372.parse53","2/4","-- Raise $ 851 million by suspending for one year <a>XXXX</a> in airport and airway taxes .","an automatic reduction","reduction","[]","['event:1', 'object:2']","[['savings', 1], ['accident', 1], ['money', 1], ['salary', 1], ['budget', 1], ['tax', 1], ['investment', 1]]"
"/nw/wsj/23/wsj_2376.parse44","0/2","`` <a>XXXX</a> do n't think the market is going through another October '87 .","I","I","[]","['person:2', 'finance:1', 'persons:1']","[['men', 1], ['stockist', 1], ['economist', 2], ['people', 1], ['banker', 1], ['analyst', 1]]"
"/nw/wsj/24/wsj_2406.parse9","1/6","Instead of being denounced as <a>XXXX</a> of imperialism , Radio Free Europe is more likely to draw the criticism that its programs are too tame , even boring .","an evil agent","agent","[]","['object:1']","[['enabler', 1], ['king', 1], ['opposition', 1], ['criticism', 1], ['catalyst', 1], ['ruler', 1]]"
"/nw/wsj/24/wsj_2412.parse41","5/10","There is a rationale for such bills : Federal subsidies to <a>XXXX</a> amount to `` a GI Bill without the GI '' ; arguably those benefits should be earned , not given .","college students","students","[]","['person:3', 'place:1', 'people:1']","[['student', 1], ['kid', 1], ['citizen', 1], ['people', 1], ['soldier', 1], ['group', 1], ['country', 1], ['government', 1], ['farmer', 1], ['organization', 1], ['resident', 1], ['firm', 1], ['veteran', 1]]"
"/nw/wsj/24/wsj_2417.parse63","1/3","-- Create a task force to review <a>XXXX</a> of the securities markets and securities laws .","current state","state","[]","['place:1', 'object:2', 'noun:1']","[['point', 1], ['bench', 1], ['procedure', 1], ['growth', 1], ['business', 1], ['chapter', 1], ['law', 1], ['line', 1], ['policy', 1]]"
"/nw/wsj/24/wsj_2418.parse0","4/12","It all seemed innocent enough : Last April , one Steven B. Iken visited Justin Products Inc. here , identified <a>XXXX</a> as a potential customer and got the word on the little company 's new cassette players for children .","himself","himself","[]","['person:4']","[['customer', 1], ['parent', 1], ['child', 1], ['people', 1]]"
"/nw/wsj/24/wsj_2432.parse3","3/9","Friday 's sell - off was triggered by <a>XXXX</a> of UAL 's buy - out plan and a big rise in producer prices .","the collapse","collapse","[]","['person:1', 'organisation:1', 'event:2', 'people:1']","[['actualization', 1], ['organization', 1], ['market', 1], ['chairman', 1], ['firm', 1], ['secretary', 1], ['implementation', 1], ['company', 2]]"
"/nw/xinhua/00/chtb_0038.parse1","5/9","The second construction phase of the Anyang Color Kinescope Glass - Shell Co. , Ltd. , designed and built using Chinese initiative , and meeting <a>XXXX</a> , today finished construction and started operations .","current world - wide advanced technological levels","levels","[]","['idea:1']","[['benchmarks', 1], ['deadline', 1], ['policy', 1], ['standard', 3], ['regulation', 1], ['requirement', 3]]"
"/nw/xinhua/00/chtb_0044.parse3","5/8","The report by the Traditional Foundation and the "" Wall Street Journal "" confirms that <a>XXXX</a> has remained unchanged since returning to China .","the Hong Kong 's economic structure","structure","[]","['person:2', 'noun:1', 'figure:1', 'thing:1']","[['scientist', 1], ['ambassador', 1], ['object', 1], ['economy', 1], ['inflation', 1], ['stock', 1]]"
"/nw/xinhua/00/chtb_0062.parse13","6/8","Shanghai is the largest modernized industrial city in China and has complete industry categories , <a>XXXX</a> and perfect municipal functionality .","developed infrastructure","infrastructure","[]","['object:2', 'idea:1']","[['government', 1], ['factory', 1], ['place', 1], ['policy', 1], ['categorization', 1], ['product', 1], ['company', 1], ['industry', 1]]"
"/nw/xinhua/00/chtb_0082.parse4","7/19","Up to now , the Property Insurance Company of PICC has already provided insurance services for 134 engineering projects of the Three Gorges Project in which nearly 10 billion yuan was invested and has contracted such large projects as <a>XXXX</a> while timely providing compensation for the disastrous accidents that occur .","the Yangtze River Bridge at Xiling , the permanent ship lock , the first phase earth and stone cofferdam and diversion channel , the special external highway , the second phase cofferdam , the second phase flood discharge dam and water retaining dam , etc.","Bridge","[]","['thing:1', 'object:2']","[['school', 1], ['hospital', 1], ['construction', 1], ['bridge', 1], ['project', 2], ['building', 1], ['infrastructure', 1]]"
"/nw/xinhua/01/chtb_0112.parse17","4/16","Along with comprehensively implementing hardship relief measures taken towards large and medium - sized State owned enterprises , <a>XXXX</a> of State owned enterprise reforms will be accelerated greatly , the dynamics of bankruptcies , mergers and assets restructuring will be strengthened , and enterprise deficits are estimated to decrease by 20 % and a number of competitive large and medium - sized State owned enterprises will gradually form .","the pace","pace","[]","['person:1', 'quantity:1', 'event:1']","[['organization', 1], ['acceptance', 1], ['amount', 1], ['adoption', 1], ['size', 1], ['secretary', 1], ['actualization', 1], ['implementation', 1], ['development', 1], ['president', 1]]"
"/nw/xinhua/01/chtb_0145.parse1","1/3","Xinhua News Agency , <a>XXXX</a> , March 6th , By reporter Haikuan Lu","Beijing","Beijing","[]","['location:1', 'event:1', 'organization:1']","[['city', 1], ['region', 1], ['town', 1]]"
"/nw/xinhua/02/chtb_0254.parse15","21/22","For military industry enterprises , the merger of Lockheed and Martin and the combination of two old - brand corporations , namely Northrop and Grumman , are both due to the same reason : after the cold war , the America 's national defense expenditures gradually reduced , and the scale and strength of military industry enterprises is one of the conditions necessary for winning <a>XXXX</a> .","limited government weapons purchasing contracts","contracts","[]","['thing:1', 'event:1', 'object:1']","[['contract', 2], ['sale', 1], ['war', 2], ['conflict', 1], ['game', 1]]"
"/nw/xinhua/02/chtb_0255.parse1","9/19","Recently , this reporter obtained information from the Civil Administration Office of Yunnan Province that in accordance with <a>XXXX</a> reached by China , Laos and the UNHCR on repatriating Laotian refugees in China , Yunnan has smoothly completed the task of repatriating 2917 people in 12 batches .","the tripartite agreement","agreement","[]","['person:1', 'event:1', 'idea:1']","[['understanding', 1], ['officer', 1], ['accord', 1], ['agreement', 3], ['policy', 1], ['resolution', 1], ['law', 1], ['treaty', 1]]"
"/nw/xinhua/02/chtb_0264.parse7","7/9","Insanally arrived in Hanoi on the 28th for a 4 - day visit on the invitation of Mengqin Run , <a>XXXX</a> of Vietnam .","foreign minister","minister","[]","['person:3', 'place:1', 'object:1', 'position:1']","[['diplomat', 1], ['politician', 2], ['participation', 1], ['country', 1], ['occasion', 1], ['area', 1]]"
"/nw/xinhua/03/chtb_0309.parse0","4/5","The China 's handicapped sports cause has undergone the several stages of <a>XXXX</a> , and is currently rising .","conceptualization , growth and expansion","conceptualization","[]","['event:5']","[['transformation', 1], ['growth', 2], ['maturation', 1], ['improvement', 1], ['analysis', 1], ['war', 1], ['change', 1], ['reform', 1], ['development', 2]]"
"/nw/xinhua/03/chtb_0312.parse1","4/20","The twelfth International Olympic Convention held in Paris entered a third day <a>XXXX</a> , and the commissioner of the Athlete Committee of the IOC , famous former Chinese gymnast , Ning Li , gave speeches about the relation between physical education and economy at the convention .","today","today","[]","['event:3']","[['day', 1], ['marathon', 1], ['date', 1], ['yesterday', 1], ['convention', 1], ['celebration', 1]]"
"/nw/xinhua/03/chtb_0313.parse4","1/7","Jun Xu began offensively by pushing forward <a>XXXX</a> in front of the queen ; Rongguang Ye laid out the Slavic defense .","the pawn","pawn","[]","['person:2', 'object:1', 'piece:1', 'idea:1']","[['sword', 1], ['pawn', 1], ['claim', 1], ['gun', 1], ['killer', 1], ['evidence', 1], ['question', 1], ['rock', 1], ['chess_piece', 1]]"
"/nw/xinhua/03/chtb_0322.parse17","5/8","The prize money of the competition this time is 100,000 US dollars , <a>XXXX</a> that wins will get 70,000 US dollars , while the team that loses will get 30,000 US dollars .","the team","team","[]","['person:2', 'team:1', 'event:1']","[['person', 1], ['group', 1], ['competition', 1], ['squad', 1], ['competitor', 1], ['team', 2]]"
"/p2.5_a2e/00/p2.5_a2e_0016.parse6","5/14","As I told you , the Palestinian Authority may reject , uh , mediation , and perhaps <a>XXXX</a> in the Palestinian Authority may attempt to block Hamas and stop it leaving %pw Jordan or somewhere other than Jordan , and this is a matter for the Palestinians .","certain sides","sides","[]","['person:2', 'event:1', 'people:1']","[['body', 1], ['president', 1], ['top_brass', 1], ['demographics', 1], ['administrator', 1], ['leader', 3], ['shout', 1], ['prime_minister', 1], ['head', 1]]"
"/p2.5_a2e/00/p2.5_a2e_0018.parse9","3/13","In fact , %pw the major problem , whether for <a>XXXX</a> or for those leaders of the American political process in Iraq who are cooperating with them , is that they 're going in circles in a vacuum .","the Americans","Americans","[]","['person:2', 'persons:1', 'people:1']","[['politician', 1], ['organization', 1], ['administration', 1], ['leader', 1], ['loyalist', 1], ['group', 2], ['class', 1], ['warlord', 1]]"
"/p2.5_c2e/00/p2.5_c2e_0050.parse10","0/3","<a>XXXX</a> , eh , very , greatly advocated the popularization of psychiatrists .","They","They","[]","['person:3']","[['scientist', 1], ['counseller', 1], ['psychiatrist', 1], ['doctor', 1]]"
"/p2.5_c2e/00/p2.5_c2e_0058.parse28","0/11","<a>XXXX</a> is in fact that , eh , while pushing for the multilateral trade agreement based on the WTO , everyone is additionally , eh , forming a -- we may not count on that thing , we do our own things first ,","This trend","trend","[]","['concept:1', 'organization:1', 'event:2', 'people:1']","[['leadership', 1], ['country', 1], ['organization', 1], ['group', 2], ['firm', 1], ['company', 1]]"
"/phoenix/00/phoenix_0001.parse138","1/3","later it was persuaded and prevented by <a>XXXX</a> of Yongji .","the city","city","[]","['person:3']","[['politician', 2], ['citizen', 1], ['leader', 1], ['head', 1]]"
"/phoenix/00/phoenix_0003.parse216","4/7","Maybe they do not want their children to know about the nature of <a>XXXX</a> or tell them what they do .","their job","job","[]","['event:2', 'idea:1']","[['accident', 1], ['religion', 1], ['illness', 2], ['poverty', 1], ['policy', 1], ['belief', 1], ['death', 1], ['sexuality', 1], ['faith', 1], ['pornography', 1]]"
"/pri/00/pri_0005.parse18","7/9","I think it would be much better to invest the sum in improving the rescue capabilities of the Russian fleet , so we can save <a>XXXX</a> in the future .","lives","lives","[]","['object:1', 'event:1', 'idea:1']","[['money', 3], ['coin', 1], ['expense', 1], ['policy', 1], ['belief', 1], ['cash', 1]]"
"/pri/00/pri_0019.parse4","1/9","Speaking at <a>XXXX</a> in Norfolk , Virginia , Admiral John Foley said that the Navy is investigating the incident .","the Cole 's home base","base","[]","['place:1', 'event:3']","[['hall', 1], ['navy', 1], ['function', 1], ['conference', 1], ['location', 1], ['organization', 1], ['speech', 1], ['party', 1]]"
"/pri/00/pri_0021.parse7","2/12","You say that the US was using <a>XXXX</a> for more or less the same purposes that , for the last year or so , they have been using Yemen , that they knew that there was a much more anti-American atmosphere in Yemen .","Djibouti","Djibouti","[]","['place:1', 'nation:1', 'object:1', 'location:1']","[['country', 4], ['organization', 1], ['state', 1], ['region', 1], ['missile', 1]]"
"/pri/00/pri_0094.parse30","11/15","Reportedly , it was Elton John who was going to play a song for Guy and the shop was inundated when this was leaked and people just wanting to touch the piano that was going to be in <a>XXXX</a> as Madonna and Guy Ritchie .","the same room","room","[]","['place:1', 'location:3', 'event:1']","[['stadium', 1], ['museum', 1], ['place', 1], ['concert_hall', 1], ['programme', 1], ['venue', 1], ['event', 1]]"
"/tc/ch/00/ch_0001.parse298","0/1","and <a>XXXX</a> 'm thinking , this is just too weird ,","I","I","[]","['person:1']","NULL_FINE"
"/tc/ch/00/ch_0008.parse98","1/4","I do n't , <a>XXXX</a> do n't know that it 's a he ,","I","I","[]","['person:2']","[['individual', 1], ['citizen', 1]]"
"/tc/ch/00/ch_0008.parse282","0/2","So , <a>XXXX</a> mean , he could just be a big boy","I","I","[]","['person:1']","[['player', 1], ['pronoun', 1]]"
"/tc/ch/00/ch_0011.parse229","0/3","<a>XXXX</a> 'm like Great . I 'm like %uh that 's a really long story .","I","I","[]","['person:1']","[['listener', 1], ['speaker', 1]]"
"/tc/ch/00/ch_0035.parse34","0/2","So so anyway <a>XXXX</a> have fifty - six new volunteers that are oriented and off .","we","we","[]","['place:1', 'organization:2', 'person:1']","[['politician', 1], ['business', 1], ['charity', 1], ['company', 2]]"
"/tc/ch/00/ch_0049.parse200","1/3","so like right now it 's okay <a>XXXX</a> 's one eight one zero area code .","it","it","[]","['place:1']","[['country', 1]]"
"/voa/00/voa_0048.parse2","6/12","As night fell Monday , in the town of Hebron , one Palestinian man was shot dead in <a>XXXX</a> .","an exchange of fire between Palestinian militiamen and Israeli soldiers","exchange","[]","['place:1', 'event:1', 'location:2']","[['day', 1], ['city', 3], ['murder', 1], ['crime_scene', 1], ['location', 1], ['country', 1], ['area', 1], ['town', 1]]"
"/voa/00/voa_0070.parse6","2/14","The Times also praise Republican candidate George W Bush for running what was described as <a>XXXX</a> but the writers said they had concluded Mr. Bush 's agenda was harsh on issues such as women 's rights , guns , and law enforcement .","a largely positive inclusive campaign","campaign","[]","['issue:1']","[['agenda', 1]]"
"/voa/00/voa_0091.parse0","6/20","In Egypt , President Hosni Mubarak 's ruling party is claiming victory in the second of <a>XXXX</a> , but as VOA 's Scott Bob reports from Cairo , Islamic candidates also made significant gains accompanied by some of the election 's worst violence .","three rounds of voting in parliamentary elections","rounds","[]","['event:3']","[['election', 3], ['politician', 1], ['contest', 1]]"
"/voa/01/voa_0114.parse6","4/13","Meanwhile , the head of <a>XXXX</a> to the United Nations , Nasser al - Kidwa says any protection force sent to the West Bank and Gaza must be under United Nations control .","the Palestinian Observer Mission","Mission","[]","['person:1', 'place:1']","[['ambassador', 1], ['position', 1], ['country', 1], ['politician', 1]]"
"/voa/01/voa_0132.parse6","6/23","So we knew we had to make a movie that was inspired by the book , and as we developed <a>XXXX</a> , always knowing that we wanted it to be funny , we wanted it to still maintain the kind of that Seussian flavor and we wanted Jim Carey to have a great opportunity to do his thing within the spirit of that great character , the Grinch .","it","it","[]","['event:1', 'object:4']","[['movie', 2], ['plot', 1], ['character', 1], ['play', 1]]"
"/voa/01/voa_0180.parse6","9/23","If Israel is going to offer a substantial compromise , passing over the overwhelming majority of the West Bank and Gaza to full Palestinian control and there will be <a>XXXX</a> next to us , then we have to have an understanding that for such a historic compromise , that it is the end of the conflict , that there are no longer Palestinian claims against Israel and that the two states will be living together in peace .","a Palestinian state","state","[]","['person:1', 'entity:1', 'place:1', 'location:1', 'peace:1']","[['politics', 1], ['politician', 1], ['conflict', 1], ['peace', 2], ['location', 1], ['mediator', 1]]"
"/voa/02/voa_0215.parse2","6/10","The envoy Gilead Sher emerged from the meeting late Friday telling reporters <a>XXXX</a> is up to President Clinton .","the next step in the process","step","[]","['object:1', 'event:1', 'idea:1']","[['election', 1], ['leadership', 1], ['policy', 1], ['decision', 2], ['budget', 1], ['law', 1], ['choice', 1]]"
"/voa/02/voa_0231.parse0","11/13","Police in Barcelona , Spain Thursday , arrested two suspected members of the violent Basque separatist group Eta as <a>XXXX</a> were preparing what may have been a car bomb .","they","they","[]","['person:1', 'group:1', 'organization:1', 'persons:1', 'people:2']","[['eta', 1], ['terrorists', 1], ['group', 1], ['terrorist', 1]]"
"/voa/02/voa_0253.parse13","0/5","<a>XXXX</a> have expressed disappointment that the ceasefire has failed to reduce violence in Kashmir .","They","They","[]","['person:3', 'organization:1', 'event:1']","[['violence', 1], ['politician', 1], ['chief', 1], ['leader', 1], ['people', 1], ['occupant', 1], ['minister', 1], ['president', 1], ['prime_minister', 1]]"
"/wb/a2e/00/a2e_0004.parse57","1/7","I am not here to discuss <a>XXXX</a> , or to proceed in the context of the different viewpoint of the defense .","the judicial verdict","verdict","[]","['person:1', 'event:2']","[['politics', 1], ['protection', 1], ['programme', 1], ['discussion', 1]]"
"/wb/a2e/00/a2e_0006.parse7","3/9","As if I know , you are complaining about <a>XXXX</a> which contains resounding words such as "" urgent "" and "" threat . "" !!","the headline of the subject","headline","[]","['object:1', 'article:1']","[['massage', 1], ['war', 1]]"
"/wb/a2e/00/a2e_0013.parse3","2/9","The former Malaysian prime minister , <a>XXXX</a> , considered "" the execution of the former Iraqi president Saddam Hussein a public murder . ""","Mahathir Mohamad","Mohamad","[]","['person:3']","[['leader', 1], ['politician', 1], ['prime_minister', 2]]"
"/wb/a2e/00/a2e_0014.parse27","0/8","<a>XXXX</a> should not utter the profession of faith for anyone who we felt friendly towards or who we sympathized with .","We","We","[]","['person:5']","[['teacher', 1], ['writer', 1], ['speaker', 1], ['pastor', 1], ['advocate', 1], ['believer', 1], ['priest', 1]]"
"/wb/a2e/00/a2e_0016.parse20","5/7","Would Syria admit what it is doing in Lebanon after these confessions , or it will deny <a>XXXX</a> as usual , with false shameful justifications ?","its agents and actions","agents","[]","['thing:1', 'event:2', 'idea:1']","[['responsibility', 1], ['accountability', 1], ['complaint', 1], ['shame', 1], ['accusation', 1], ['culpability', 1], ['harm', 1], ['claim', 1], ['action', 1]]"
"/wb/a2e/00/a2e_0022.parse68","0/23","After <a>XXXX</a> went beyond local democracy and human rights in the country .. praise God and many thanks to His Highness Sheikh Hamad bin Khalifa al - Thani , who established democracy and freedom in the country .. and made Qatar a platform for dialogue .. so the discussion took place in Qatar .","Qatar","Qatar","[]","['person:3', 'event:1', 'people:1']","[['businessman', 1], ['politician', 2], ['president', 1], ['governor', 1], ['democracy', 1], ['leader', 2], ['sheikh', 1], ['human_rights', 1]]"
"/wb/a2e/00/a2e_0022.parse182","6/10","These weapons are for defending ourselves against our enemy whom you receive with <a>XXXX</a> and so on .. While those who you say are strong are strong indeed , but not with Peres .","hugs","hugs","[]","['object:2', 'idea:1']","[['weapon', 2], ['cash', 1], ['belief', 1], ['thought', 1], ['bomb', 1], ['gun', 1]]"
"/wb/a2e/00/a2e_0023.parse17","5/8","I leave you with the answers of the Car Club magazine guests to see that there is not <a>XXXX</a> .","one person who explicitly agreed without mentioning the legal regulations","person","[]","NULL_GEN","[['confusion', 1], ['conflict', 1], ['misinterpretation', 1], ['uncertainty', 1], ['question', 1]]"
"/wb/a2e/00/a2e_0024.parse25","14/30","a -RRB- A person makes an untrue statement of material fact in any of the following circumstances : 1 -RRB- if he makes a statement that is false or inaccurate in a material respect ; 2 -RRB- if he procures another person to make a statement that is false or inaccurate in a material respect ; 3 -RRB- if <a>XXXX</a> makes a statement that contains a misrepresentation of a material fact ; 4 -RRB- if he procures another person to make a statement that contains a misrepresentation of a material fact ; or 5 -RRB- if he omits a material fact when making a statement .","he","he","[]","['person:4']","[['citizen', 1], ['deceiver', 1], ['applicant', 1], ['defendant', 1], ['spokesman', 1], ['liar', 1]]"
"/wb/a2e/00/a2e_0026.parse16","0/9","<a>XXXX</a> know for sure that someone will summarize everything I referred to above place it in the category of preferences .","I","I","[]","['person:4']","[['sister', 1], ['writer', 1], ['brother', 1], ['student', 1], ['people', 1], ['author', 1], ['friend', 1]]"
"/wb/a2e/00/a2e_0032.parse41","10/14","But now , this victory has totally evaporated in the Arab street , thanks to the stupidity of those who ordered the execution of <a>XXXX</a> and the dance over his body .","Saddam Hussein","Hussein","[]","['person:4', 'event:1']","[['murder', 1], ['terrorist', 1], ['victim', 1]]"
"/wb/a2e/00/a2e_0033.parse52","0/13","<a>XXXX</a> is well known that the notion of the individual cash share from oil revenues is an alternative to the provisions ration , and not a supplement to it .","It","It","[]","['person:1']","NULL_FINE"
"/wb/c2e/00/c2e_0004.parse47","14/17","2. Li Deqing , auditor - general of Quanshan District , among others , is suspected of misconduct , misuse of authority , irregularities for <a>XXXX</a> , and failure to submit criminal cases .","favoritism","favoritism","[]","['legality:1', 'noun:1', 'event:1']","[['accident', 1], ['crime', 1], ['submission', 1], ['review', 1], ['law', 1], ['fraud', 1]]"
"/wb/c2e/00/c2e_0006.parse27","5/6","If I look at it from this angle , and briefly sum it all up , the following are <a>XXXX</a> :","the main reasons","reasons","[]","['thought:1', 'event:1']","[['fact', 1], ['benchmarks', 1], ['truth', 1], ['principle', 1], ['standard', 1], ['reality', 1], ['requirement', 1]]"
"/wb/c2e/00/c2e_0013.parse12","1/8","<a>XXXX</a> who go to dancing clubs are getting close to people , while the people who go to dancing clubs are neglecting their duties .","Officials","Officials","[]","['person:3', 'persons:1']","[['people', 1], ['student', 1], ['dancer', 2]]"
"/wb/c2e/00/c2e_0023.parse17","3/8","There 's never been a money fairy or <a>XXXX</a> of wealth who gives wealth to anyone without any reason .","goddess","goddess","[]","['person:2', 'thing:1', 'object:2']","[['coin', 1], ['rainbow', 1], ['master', 1], ['connoisseur', 1], ['contributor', 1], ['source', 1], ['chest', 1]]"
"/wb/c2e/00/c2e_0023.parse55","3/6","But what 's strange is that according to reports by journalists , <a>XXXX</a> has in fact already "" been adjusted . ""","Luneng Group 's business registration","registration","[]","['person:2', 'object:2', 'people:1']","[['machine', 1], ['figure', 1], ['organization', 1], ['adjustment', 1], ['device', 1], ['group', 1], ['inflation', 1], ['politician', 1], ['price', 1]]"
"/wb/c2e/00/c2e_0028.parse5","1/20","<a>XXXX</a> , who came from mainland China and then immigrated to Windsor , Ontario , by way of the US , will attend the public hearing for judgment on his accusation of the federal government at 10:00 a.m. next Monday -LRB- January 8 -RRB- at the federal appeal court in Toronto .","Ding Yunhong","Yunhong","[]","['person:4']","[['accuser', 1]]"
"/wb/c2e/00/c2e_0031.parse25","2/4","There were also soy - sauce eggs , preserved eggs , <a>XXXX</a> and other snacks .","peanuts","peanuts","[]","['food:1', 'object:4']","[['food', 3], ['snack', 2]]"
"/wb/c2e/00/c2e_0042.parse8","1/16","There was <a>XXXX</a> named Ellis in the last century , who encouraged people to learn a special , reasonable and healthy way of thinking by reading professional books , organizing group discussions and doing specific training in thinking , in order to deal with emotional problems caused by stresses .","a famous British psychologist","psychologist","[]","['person:3', 'news:1']","[['teacher', 2], ['story', 1], ['trainer', 1], ['philosopher', 1], ['professor', 1], ['professional', 1]]"
"/wb/c2e/00/c2e_0043.parse70","5/12","From the facts that this year 's year stamps are not being discounted , and the rate of <a>XXXX</a> on discounted stamps in the market has reduced significantly , it is enough to show that the postal policies are already starting to have an effect .","discount","discount","[]","['idea:1', 'event:1']","[['exchange', 1], ['revenue', 1], ['policy', 1], ['income', 1], ['prominence', 1], ['profit', 1], ['value', 1]]"
"/wb/c2e/00/c2e_0057.parse10","0/3","[mingfm] Why do <a>XXXX</a> have to pay them for air and accommodation ?","you","you","[]","['person:2', 'people:1']","[['tenant', 1], ['resident', 1], ['people', 1]]"
"/wb/c2e/00/c2e_0066.parse133","0/1","[buabua] Currently , what needs <a>XXXX</a> most is the export - oriented economy structure .","adjustment","adjustment","[]","['place:1', 'object:1']","[['storage', 1], ['country', 2]]"
"/wb/c2e/00/c2e_0067.parse52","9/12","[jilian] Our on - line folks should rest assured on this point ; Russia is a democratic autarchy , and sometimes the efficiency with which it takes <a>XXXX</a> that correspond to the people 's demands is quite high .","actions","actions","[]","['thing:1', 'event:1', 'action:1', 'idea:1']","[['measure', 1], ['plan', 2], ['decision', 1], ['law', 1], ['ordinance', 1], ['action', 1]]"
"/wb/dev_09_c2e/00/dev_09_c2e_0006.parse2","14/23","Instead in this instance the Liberation Army headquarters emergency contingency plan obviously was not a contingency plan designed with earthquakes as the assumed condition , as the soldiers all rushed straight to Wenchuan , without immediately sending out troops in the direction of <a>XXXX</a> Beichuan , Qingchuan and Gansu's Longnan ; only 24 hours later was the full extent of the disaster area taken into consideration .","badly - hit areas","areas","[]","['place:2', 'location:2']","[['direction', 1], ['china', 1], ['south', 1], ['east', 1], ['west', 1], ['location', 1], ['north', 1]]"
"/wb/dev_09_c2e/00/dev_09_c2e_0028.parse18","6/9","Because their market economy is so standardized , so ubiquitous , and everyone believes so deeply in the almighty power of money and <a>XXXX</a> !","the supremacy of individual rights","supremacy","[]","['object:2']","[['policy', 1], ['money', 1], ['coin', 1], ['power', 1], ['thing', 1], ['wealth', 1], ['belief', 1], ['economy', 1]]"
"/wb/dev_09_c2e/00/dev_09_c2e_0047.parse7","4/9","We do n't believe the warnings sent out by nature ; <a>XXXX</a> just believe the warnings emitted by instruments in laboratories .","we","we","[]","['person:2', 'people:2']","[['scientist', 2], ['conservative', 1], ['researcher', 1], ['people', 1], ['musician', 1]]"
"/wb/dev_09_c2e/00/dev_09_c2e_0053.parse6","9/19","Only this way can we lay to rest the ghosts of the students killed in the disaster , can we account to <a>XXXX</a> , can we obtain justice for the community , can we warn later generations of the lessons to be learned .","the parents of the victims","parents","[]","['object:1']","[['morality', 1], ['duty', 1], ['destiny', 1], ['honor', 1], ['fate', 1], ['justice', 1]]"
"/wb/dev_09_c2e/00/dev_09_c2e_0087.parse4","1/8","As <a>XXXX</a> of fact , the term "" network operations "" is rarely used and can not mean the same as "" website operations . ""","a matter","matter","[]","['thing:1', 'event:1']","[['matter', 4], ['phrase', 1], ['program', 1], ['jargon', 1]]"
"/wb/eng/00/eng_0000.parse14","1/2","Why do I put aside <a>XXXX</a> and its own immediate neighborhood ?","Israel","Israel","[]","['location:2', 'object:1']","[['city', 1], ['place', 1], ['storage', 1]]"
"/wb/eng/00/eng_0004.parse40","3/11","They refuse to implement effective strategies to relieve <a>XXXX</a> because the stringent solutions required might , like congestion itself , redirect growth to other areas .","congestion","congestion","[]","['person:1', 'event:1', 'idea:1']","[['politician', 1], ['struggle', 1], ['issue', 1], ['urban_blight', 1], ['policy', 1], ['problem', 1], ['overpopulation', 1], ['belief', 1], ['overcrowding', 1]]"
"/wb/eng/00/eng_0007.parse204","4/15","What if the choice is between a larger home and <a>XXXX</a> in the exurbs or a smaller home and maybe no car in the inner areas , AND AT A HIGHER PRICE , including travel ?","an SUV","SUV","[]","['vehicle:2']","[['luxury', 1], ['car', 1], ['leisure', 1], ['automobile', 1]]"
"/wb/eng/00/eng_0008.parse51","6/9","In London there seems to be a distinct decrease in business just inside the edge of <a>XXXX</a> and a distinct increase just outside .","the congestion zone","zone","[]","['place:2', 'location:1', 'object:1']","[['city', 2], ['date', 1], ['county', 1], ['area', 1], ['storage', 1], ['region', 1], ['town', 1]]"
"/wb/eng/00/eng_0010.parse61","5/6","and I sense the growing desperation as people realize that just believing we 're on the right side might not necessarily make <a>XXXX</a> so .","it","it","[]","['person:1', 'event:1']","[['success', 1], ['party', 1], ['opponent', 1]]"
"/wb/eng/00/eng_0010.parse202","1/8","It wants <a>XXXX</a> to become numb from frequent exposure to inhumane brutality , and develop the mentality that `` the best you can hope for is to avoid being persecuted . ''","them","them","[]","['persons:1', 'people:1', 'person:1']","[['politician', 1], ['people', 1], ['group', 1], ['country', 1], ['behavior', 1], ['citizen', 1]]"
"/wb/eng/00/eng_0010.parse209","13/15","During World War II , ' Yale in China ' was a primary instrument used by the U.S. Establishment and its Office of Strategic Services -LRB- OSS -RRB- to install <a>XXXX</a> into power .","the Maoists","Maoists","[]","['person:3', 'organization:1', 'event:1']","[['government', 1], ['politician', 1], ['reign', 1], ['leader', 2], ['power', 1], ['strategy', 1]]"
"/wb/eng/00/eng_0010.parse475","1/8","Now , as for <a>XXXX</a> , and other enlightening anecdotes , I dig them , baby , wholeheartedly , so long as everybody 's embraced it completely .","the psalms","psalms","[]","['communication:1']","[['poem', 1], ['title', 1], ['religion', 1], ['belief', 1], ['medicine', 1]]"
"/wb/eng/00/eng_0012.parse125","6/18","but , nowadays , I felt the vision of the writer <a>XXXX</a> - who , in one of his poems , brilliantly describes , with appalled precision , the deadly routine of the hand - jobs and peep - shows available to fit in with the office hours of the central city - was indeed a more grimly accurate vision of 21st - century Paris .","Michel Houellebecq","Houellebecq","[]","['person:4']","[['writer', 3], ['professional', 1], ['vision', 1], ['location', 1], ['poet', 1]]"
"/wb/eng/00/eng_0013.parse11","11/12","Everything Michael has done and said during the past 20 years has been against his own apparent self - interest , beginning with unrelenting surgical assaults on his erstwhile good looks , to hanging his child -LRB- and crotch for that matter -RRB- out to dry , to entering details of his bedroom antics into <a>XXXX</a> .","the public domain","domain","[]","['event:1', 'media:1']","[['disaster', 1], ['database', 1], ['playboy', 1]]"
"/wb/eng/00/eng_0014.parse35","5/12","He was soon hired as an Assistant Director to Jean Epstien , `` <a>XXXX</a> of that bleak era of the French cinema to merit the title of an intellectual filmmaker '' -LRB- Aranda 32 -RRB- .","the only director","director","[]","['person:3']","[['director', 1], ['title', 1], ['artist', 1], ['description', 1], ['attribute', 1]]"
"/wb/eng/00/eng_0015.parse18","8/11","These days , Abather and his young family are among the hundreds of thousands of Iraqis who have fled in <a>XXXX</a> .","fear for their lives","fear","[]","['emotion:1', 'event:1', 'location:1']","[['desperation', 1], ['uncertainty', 1], ['place', 1], ['war', 1], ['terror', 2], ['fear', 3]]"
"/wb/eng/00/eng_0015.parse220","8/9","Bucking the image of the Land Rover - driving aid worker , they made their rounds in an aging gray Honda , its roof eaten through by <a>XXXX</a> .","rust","rust","[]","['organism:1', 'substance:1', 'concept:1', 'object:1']","[['rust', 2], ['pest', 1]]"
"/wb/p2.5_a2e/00/p2.5_a2e_0026.parse3","6/14","Suddenly a few months ago , an Egyptian importer managed to import rapeseed oil after it was given another name , <a>XXXX</a> , to mislead the Egyptians - people and government - and with this new name , rapeseed oil has entered Egypt once again and is sold in our shops .","Canola","Canola","[]","['person:1', 'commodity:1', 'object:4']","[['substance', 1], ['foodstuff', 1], ['oil', 2]]"
"/wb/p2.5_c2e/00/p2.5_c2e_0031.parse9","3/17","I dare not say that the next superpower to replace <a>XXXX</a> will be China , but I do dare say that if there is a country that can replace the US to become the new superpower , it definitely will be a country with a population larger than that of the US","the US","US","[]","['country:1', 'place:1', 'location:1']","[['continent', 1], ['country', 2]]"
"/wb/p2.5_c2e/00/p2.5_c2e_0064.parse1","0/2","<a>XXXX</a> have expelled each others ' diplomats and closed their embassies .","They","They","[]","['place:3', 'object:1']","[['force', 1], ['nation', 1], ['region', 1], ['country', 5], ['state', 1]]"
"/wb/p2.5_c2e/00/p2.5_c2e_0064.parse5","6/16","It is simply that the families of the French flight crew have brought the case to <a>XXXX</a> in France when the former president was killed and thus , that judge and the government want to hold their own law over the heads of others .","the court","court","[]","['place:2', 'location:2']","[['court', 2], ['place', 1], ['state', 1], ['city', 1]]"
"/wb/p2.5_c2e/00/p2.5_c2e_0070.parse7","1/6","Our hearts were in <a>XXXX</a> as the labourer that we sent negotiated with the North Korean border guards","our throats","throats","[]","['place:1', 'event:1', 'action:1']","[['country', 1], ['beating', 1], ['region', 1], ['terror', 1], ['emotion', 1], ['anger', 1]]"
"/wb/sel/01/sel_0113.parse0","3/5","When private companies become the primary financer and purveyor of <a>XXXX</a> , the launch costs will also drop dramatically .","launches","launches","[]","['event:1', 'object:1']","[['fuel', 1], ['money', 1], ['rate', 1], ['opportunity', 1], ['loan', 1], ['stock', 1], ['healthcare', 1]]"
"/wb/sel/05/sel_0518.parse0","6/16","I fit this profile , and the best thing which ever happened to me at 5th grade , when I could easily handle college level work , but was writing like <a>XXXX</a> was that an OT sat down with me and basically helped me create my own script handwriting from scratch , putting together strokes which worked for me into a very distinctive , but legible , script .","a kindergartener","kindergartener","[]","['person:3', 'object:1']","[['professional', 1], ['novice', 1], ['pen', 1], ['amateur', 1]]"
"/wb/sel/06/sel_0635.parse0","9/11","- Maintain storage Technology Roadmap develop awareness of new technology offerings to propose technologies in alignment with <a>XXXX</a> and architectural strategy group direction .","service requirements","requirements","[]","['event:1', 'idea:1']","[['policy', 1], ['belief', 1], ['standard', 1], ['law', 1], ['regulation', 1], ['science', 1]]"
"/wb/sel/10/sel_1082.parse0","6/18","Reasons : i simplicity in circuitry , ii comparatively large tubes & sockets make soldering easier , iii <a>XXXX</a> might not kill a tube but might a transistor , iv yeah , I like to see those filaments glow , too , v can still get those tubes but some transistors you ca n't find anywhere , v throw-away technology boards is bad ecology ... give","accidental slip of the test prod","slip","[]","['technology:1', 'object:1']","[['equipment', 1], ['machine', 1]]"
"/wb/sel/11/sel_1106.parse0","12/15","These countdown clocks make no provision for the Cheney doctrine , which calls for a new super 911 with weapons of mass destruction in the US , to be used as the pretext for a nuclear attack on Iran and for <a>XXXX</a> .","martial law at home","law","[]","['place:1', 'event:1', 'location:2']","[['prevention', 1], ['protection', 1], ['region', 1], ['country', 2]]"
"/wb/sel/13/sel_1304.parse0","7/22","2 Everest is the highest mountain in the world Anyone who says <a>XXXX</a> like "" But Earth 's rotation is another source of potential energy "" is in no position to point fingers at others who call supersonic fluid drag a form of friction .","something","something","[]","['object:1', 'idea:1']","[['mountain', 1], ['crap', 1], ['statement', 1], ['folderol', 1], ['concept', 1], ['declaration', 1], ['claptrap', 1], ['ridiculousness', 1], ['nonsense', 1]]"
"/wb/sel/13/sel_1373.parse0","0/8","Also , is <a>XXXX</a> ok to post images from magazines , web etc if they are credited or is there some copywright thing I have to do ?","it","it","[]","['person:2', 'organization:1', 'object:1']","[['writer', 1], ['website', 1], ['author', 1], ['publication', 1], ['pronoun', 1]]"
"/wb/sel/13/sel_1381.parse0","1/6","And I will be very grateful if <a>XXXX</a> will email me or post the recipe with more precise instructions .","you","you","[]","['person:5']","[['programmer', 1], ['director', 1], ['cook', 2], ['mother', 1], ['chef', 1], ['friend', 1]]"
"/wb/sel/24/sel_2484.parse0","5/11","If he does not try to save himself from them , his desires will find <a>XXXX</a> from the private parts of his body ; that is , he will incline to immoral acts .","support","support","[]","['event:1', 'idea:1']","[['reaction', 1], ['sin', 1], ['pleasure', 1], ['nourishment', 1]]"
"/wb/sel/29/sel_2938.parse0","2/6","But content - monitoring tools do n't always scale well and are of limited use in <a>XXXX</a> , says Wuchner - Bruhl .","environments where network traffic is encrypted","environments","[]","['place:1', 'object:1', 'business:1', 'location:1']","[['city', 1], ['software', 1], ['computer', 1], ['tool', 1], ['location', 1]]"
"/wb/sel/33/sel_3332.parse0","0/12","<a>XXXX</a> swept the podium with Kuno Wittmer , of Montreal , Ontario , finishing second and Brandon Davis , of Denver , Colo. , finishing third .","Acura","Acura","[]","['person:5', 'people:1']","[['actor', 1], ['director', 1], ['athlete', 1], ['player', 2], ['competitor', 1]]"
"/wb/sel/34/sel_3401.parse0","7/8","They thrash about in a feedback loop , where the collective wisdom about their problems can overwhelm the chances of <a>XXXX</a> .","any single new product","product","[]","['event:2']","[['success', 1], ['winner', 1]]"
